Product ID,Product Name,Category,Supplier Name,Unit Cost,Retail Price,Opening Stock,Units Sold,Closing Stock,Reorder Point,Stock Status
PRD-1001,Wine Glasses,Home & Kitchen,Heritage Brands,23.78,38.89,135,118,17,30,Low Stock
PRD-1002,Eye Mask,Beauty,Coastal Trading,15.67,24.53,86,10,76,9,In Stock
PRD-1003,Resistance Band,Sports & Outdoors,National Supply Group,5.59,11.88,319,195,124,47,In Stock
PRD-1004,Action Figure,Toys & Games,Pacific Wholesale,9.72,18.01,173,140,33,39,Low Stock
PRD-1005,Serving Tray,Home & Kitchen,Coastal Trading,8.22,13.9,32,8,24,7,In Stock
PRD-1006,Dried Fruit,Grocery,National Supply Group,6.94,12.18,74,52,22,15,In Stock
PRD-1007,Dish Soap,Home & Kitchen,Pacific Wholesale,6.74,13.47,21,6,15,2,In Stock
PRD-1008,Hiking Socks,Sports & Outdoors,National Supply Group,7.23,9.67,353,72,281,51,In Stock
PRD-1009,Dried Fruit,Grocery,Summit Wholesale Inc,10.6,16.76,196,59,137,26,In Stock
PRD-1010,Yoga Block,Sports & Outdoors,Premier Merchandise,5.54,9.54,38,14,24,4,In Stock
PRD-1011,Kitchen Towels,Home & Kitchen,Premier Merchandise,9.67,14.73,150,83,67,28,In Stock
PRD-1012,Sticky Notes,Office Supplies,AllGoods Supply Co,6.41,11.37,489,211,278,50,In Stock
PRD-1013,Olive Oil,Grocery,Heritage Brands,11.77,25.18,139,14,125,22,In Stock
PRD-1014,Canvas Belt,Clothing,United Imports,33.16,65.63,150,110,40,34,In Stock
PRD-1015,Bike Light,Sports & Outdoors,Premier Merchandise,20.77,30.26,160,143,17,33,Low Stock
PRD-1016,Face Wash,Beauty,National Supply Group,7.12,14.42,337,99,238,37,In Stock
PRD-1017,Desk Organizer,Office Supplies,Pacific Wholesale,6.76,12.14,458,381,77,109,Low Stock
PRD-1018,Utensil Set,Home & Kitchen,AllGoods Supply Co,6.4,12.71,470,346,124,51,In Stock
PRD-1019,Deodorant,Beauty,Heritage Brands,15.81,30.84,114,41,73,14,In Stock
PRD-1020,Dry Shampoo,Beauty,Heritage Brands,14.02,23.8,21,5,16,5,In Stock
PRD-1021,Wine Glasses,Home & Kitchen,Heritage Brands,23.27,45.93,438,291,147,55,In Stock
PRD-1022,Water Bottle,Sports & Outdoors,United Imports,9.2,17.9,466,91,375,49,In Stock
PRD-1023,Sticky Notes,Office Supplies,Coastal Trading,11.25,18.59,200,183,17,35,Low Stock
PRD-1024,Bubble Kit,Toys & Games,United Imports,9.37,19.14,32,22,10,5,In Stock
PRD-1025,Golf Tees,Sports & Outdoors,United Imports,4.23,7.16,454,317,137,72,In Stock
PRD-1026,Coloring Set,Toys & Games,Global Source Direct,5.16,9.85,452,259,193,88,In Stock
PRD-1027,Cutting Board,Home & Kitchen,AllGoods Supply Co,28.63,37.31,256,171,85,31,In Stock
PRD-1028,Tape Dispenser,Office Supplies,National Supply Group,3.29,4.8,270,102,168,63,In Stock
PRD-1029,Stapler,Office Supplies,United Imports,5.84,12.09,46,32,14,9,In Stock
PRD-1030,Slime Kit,Toys & Games,AllGoods Supply Co,9.58,16.97,153,114,39,16,In Stock
PRD-1031,HDMI Cable,Electronics,Heritage Brands,25.35,49.22,245,159,86,42,In Stock
PRD-1032,Bluetooth Adapter,Electronics,Coastal Trading,34.16,61.03,40,16,24,9,In Stock
PRD-1033,Plush Toy,Toys & Games,Premier Merchandise,22.99,41.67,322,287,35,48,Low Stock
PRD-1034,Rice Crackers,Grocery,Coastal Trading,10.27,22.32,137,53,84,31,In Stock
PRD-1035,Hiking Socks,Sports & Outdoors,National Supply Group,7.76,10.09,261,156,105,54,In Stock
PRD-1036,Running Socks,Clothing,Heritage Brands,10.3,20.77,457,137,320,76,In Stock
PRD-1037,Instant Oatmeal,Grocery,Metro Distributors,10.47,18.1,117,108,9,12,Low Stock
PRD-1038,Linen Shorts,Clothing,United Imports,27.01,48.6,381,326,55,38,In Stock
PRD-1039,Green Tea Bags,Grocery,Global Source Direct,1.98,3.78,42,25,17,4,In Stock
PRD-1040,Trail Mix,Grocery,AllGoods Supply Co,11.71,22.03,122,33,89,12,In Stock
PRD-1041,Action Figure,Toys & Games,National Supply Group,23.76,47.93,316,290,26,63,Low Stock
PRD-1042,Trail Mix,Grocery,Premier Merchandise,3.58,6.74,272,243,29,63,Low Stock
PRD-1043,Puzzle 500pc,Toys & Games,National Supply Group,13.84,28.88,416,146,270,68,In Stock
PRD-1044,Bluetooth Adapter,Electronics,National Supply Group,21.7,40.34,402,224,178,63,In Stock
PRD-1045,Serving Tray,Home & Kitchen,Summit Wholesale Inc,17.2,23.67,488,238,250,49,In Stock
PRD-1046,Basic T-Shirt,Clothing,United Imports,24.64,41.77,42,38,4,5,Low Stock
PRD-1047,Whistle,Sports & Outdoors,AllGoods Supply Co,1.12,1.52,416,286,130,93,In Stock
PRD-1048,Serving Tray,Home & Kitchen,United Imports,20.97,28.82,156,76,80,33,In Stock
PRD-1049,Canned Soup,Grocery,Summit Wholesale Inc,8.33,12.46,332,165,167,64,In Stock
PRD-1050,Bubble Kit,Toys & Games,Premier Merchandise,14.05,30.39,291,129,162,40,In Stock
PRD-1051,Coloring Set,Toys & Games,Premier Merchandise,16.8,22.4,165,55,110,17,In Stock
PRD-1052,Coloring Set,Toys & Games,Summit Wholesale Inc,3.96,5.92,46,9,37,9,In Stock
PRD-1053,Screen Protector,Electronics,United Imports,77.74,129.41,153,75,78,16,In Stock
PRD-1054,Swim Cap,Sports & Outdoors,Premier Merchandise,11.5,15.55,65,43,22,10,In Stock
PRD-1055,Polo Shirt,Clothing,National Supply Group,8.86,18.82,392,41,351,81,In Stock
PRD-1056,Olive Oil,Grocery,Global Source Direct,5.56,7.44,144,94,50,20,In Stock
PRD-1057,Webcam Cover,Electronics,Coastal Trading,60.97,89.21,385,158,227,75,In Stock
PRD-1058,Water Bottle,Sports & Outdoors,National Supply Group,5.18,8.67,222,37,185,44,In Stock
PRD-1059,Golf Tees,Sports & Outdoors,Summit Wholesale Inc,22.87,32.8,34,11,23,5,In Stock
PRD-1060,Body Mist,Beauty,National Supply Group,15.35,25.52,409,83,326,89,In Stock
PRD-1061,Hiking Socks,Sports & Outdoors,Heritage Brands,23.78,39.71,148,83,65,30,In Stock
PRD-1062,Canned Soup,Grocery,United Imports,8.08,14.43,62,56,6,9,Low Stock
PRD-1063,Bike Light,Sports & Outdoors,Premier Merchandise,22.91,40.42,75,65,10,17,Low Stock
PRD-1064,Dish Soap,Home & Kitchen,Pacific Wholesale,11.4,24.77,207,118,89,21,In Stock
PRD-1065,File Folders,Office Supplies,National Supply Group,2.49,3.88,131,104,27,20,In Stock
PRD-1066,Dried Fruit,Grocery,Coastal Trading,10.86,21.62,216,119,97,25,In Stock
PRD-1067,Wireless Earbuds,Electronics,Metro Distributors,65.4,92.21,188,58,130,22,In Stock
PRD-1068,Coloring Set,Toys & Games,Summit Wholesale Inc,14.11,21.45,232,206,26,26,Low Stock
PRD-1069,Granola Bars,Grocery,Pacific Wholesale,6.88,10.96,189,97,92,41,In Stock
PRD-1070,Paper Clips,Office Supplies,Summit Wholesale Inc,2.27,3.49,241,30,211,28,In Stock
PRD-1071,Hoodie,Clothing,Metro Distributors,31.63,52.56,172,19,153,32,In Stock
PRD-1072,Card Deck,Toys & Games,Coastal Trading,21.3,38.34,104,26,78,19,In Stock
PRD-1073,Face Wash,Beauty,Heritage Brands,1.0,1.64,305,99,206,69,In Stock
PRD-1074,Highlighters,Office Supplies,Premier Merchandise,9.97,13.17,63,38,25,14,In Stock
PRD-1075,Bluetooth Adapter,Electronics,United Imports,9.52,13.38,434,205,229,71,In Stock
PRD-1076,Screen Protector,Electronics,Global Source Direct,74.16,100.42,294,75,219,48,In Stock
PRD-1077,Whistle,Sports & Outdoors,National Supply Group,1.79,3.33,111,43,68,17,In Stock
PRD-1078,Resistance Band,Sports & Outdoors,Heritage Brands,24.03,49.91,455,178,277,52,In Stock
PRD-1079,Dry Shampoo,Beauty,National Supply Group,19.24,31.22,68,16,52,13,In Stock
PRD-1080,Green Tea Bags,Grocery,National Supply Group,7.32,14.41,197,150,47,48,Low Stock
PRD-1081,Lip Balm,Beauty,National Supply Group,15.67,28.28,323,129,194,41,In Stock
PRD-1082,Hoodie,Clothing,Global Source Direct,24.31,41.12,155,59,96,21,In Stock
PRD-1083,Power Bank,Electronics,Summit Wholesale Inc,59.0,105.65,216,82,134,25,In Stock
PRD-1084,Denim Jeans,Clothing,Premier Merchandise,26.39,44.2,57,42,15,13,In Stock
PRD-1085,Instant Oatmeal,Grocery,Metro Distributors,11.99,15.87,349,152,197,79,In Stock
PRD-1086,Cotton Pads,Beauty,AllGoods Supply Co,10.36,15.48,193,116,77,45,In Stock
PRD-1087,Sticky Notes,Office Supplies,Coastal Trading,3.94,6.62,227,116,111,49,In Stock
PRD-1088,Smart Plug,Electronics,Coastal Trading,36.99,72.16,485,412,73,67,In Stock
PRD-1089,Hiking Socks,Sports & Outdoors,Premier Merchandise,4.2,6.14,201,21,180,46,In Stock
PRD-1090,Utensil Set,Home & Kitchen,Heritage Brands,12.24,21.52,42,7,35,5,In Stock
PRD-1091,Baseball Cap,Clothing,National Supply Group,34.41,46.82,59,38,21,8,In Stock
PRD-1092,Action Figure,Toys & Games,National Supply Group,23.75,33.69,61,48,13,12,In Stock
PRD-1093,Dry Shampoo,Beauty,Metro Distributors,5.53,9.72,499,133,366,102,In Stock
PRD-1094,Beanie Hat,Clothing,Global Source Direct,13.56,23.12,25,17,8,3,In Stock
PRD-1095,Dry Shampoo,Beauty,AllGoods Supply Co,2.73,5.71,276,101,175,36,In Stock
PRD-1096,Spice Rack,Home & Kitchen,Coastal Trading,18.5,39.69,130,39,91,31,In Stock
PRD-1097,Hoodie,Clothing,United Imports,4.47,9.16,73,32,41,14,In Stock
PRD-1098,Plush Toy,Toys & Games,National Supply Group,13.4,17.42,353,158,195,60,In Stock
PRD-1099,Nail File Set,Beauty,National Supply Group,7.45,13.67,130,56,74,14,In Stock
PRD-1100,Basic T-Shirt,Clothing,Coastal Trading,30.91,47.77,486,351,135,74,In Stock
PRD-1101,Instant Oatmeal,Grocery,United Imports,9.88,15.47,277,154,123,60,In Stock
PRD-1102,Canvas Belt,Clothing,National Supply Group,11.55,24.87,163,148,15,31,Low Stock
PRD-1103,Eye Mask,Beauty,Summit Wholesale Inc,3.66,5.64,440,143,297,64,In Stock
PRD-1104,Bluetooth Adapter,Electronics,Metro Distributors,35.15,48.36,331,276,55,63,Low Stock
PRD-1105,Trail Mix,Grocery,Coastal Trading,7.58,12.38,195,178,17,28,Low Stock
PRD-1106,Kitchen Towels,Home & Kitchen,United Imports,2.21,4.69,400,88,312,67,In Stock
PRD-1107,Nail File Set,Beauty,Metro Distributors,11.37,17.74,234,177,57,27,In Stock
PRD-1108,Webcam Cover,Electronics,United Imports,4.11,5.92,194,42,152,41,In Stock
PRD-1109,Highlighters,Office Supplies,Heritage Brands,0.67,1.39,478,237,241,60,In Stock
PRD-1110,Coffee Mug Set,Home & Kitchen,Premier Merchandise,12.78,20.52,457,322,135,113,In Stock
PRD-1111,Screen Protector,Electronics,Premier Merchandise,22.37,36.57,105,27,78,21,In Stock
PRD-1112,Baseball Cap,Clothing,United Imports,21.84,30.35,490,58,432,65,In Stock
PRD-1113,Trail Mix,Grocery,AllGoods Supply Co,4.44,9.33,463,177,286,60,In Stock
PRD-1114,Phone Case,Electronics,Pacific Wholesale,11.71,20.52,94,37,57,17,In Stock
PRD-1115,Green Tea Bags,Grocery,National Supply Group,7.52,13.57,296,99,197,33,In Stock
PRD-1116,Deodorant,Beauty,United Imports,4.02,6.5,83,73,10,19,Low Stock
PRD-1117,Hoodie,Clothing,Metro Distributors,16.59,35.35,97,32,65,12,In Stock
PRD-1118,Linen Shorts,Clothing,Heritage Brands,6.17,10.82,397,279,118,44,In Stock
PRD-1119,Denim Jeans,Clothing,Heritage Brands,20.88,31.41,216,60,156,29,In Stock
PRD-1120,Cotton Pads,Beauty,Pacific Wholesale,19.29,28.17,126,36,90,30,In Stock
PRD-1121,Wireless Earbuds,Electronics,Summit Wholesale Inc,67.6,133.03,412,199,213,85,In Stock
PRD-1122,Tennis Grip Tape,Sports & Outdoors,Global Source Direct,7.58,11.72,423,177,246,80,In Stock
PRD-1123,Bubble Kit,Toys & Games,Global Source Direct,18.64,25.42,362,232,130,37,In Stock
PRD-1124,Swim Cap,Sports & Outdoors,Metro Distributors,8.82,16.82,216,65,151,23,In Stock
PRD-1125,Camp Mug,Sports & Outdoors,Pacific Wholesale,20.14,34.55,169,88,81,26,In Stock
PRD-1126,Hair Brush,Beauty,Summit Wholesale Inc,17.82,32.3,74,63,11,15,Low Stock
PRD-1127,Plush Toy,Toys & Games,Pacific Wholesale,10.9,15.35,398,264,134,47,In Stock
PRD-1128,Tennis Grip Tape,Sports & Outdoors,Global Source Direct,18.48,36.7,320,96,224,41,In Stock
PRD-1129,Webcam Cover,Electronics,Pacific Wholesale,11.36,20.12,177,90,87,32,In Stock
PRD-1130,Building Blocks,Toys & Games,Global Source Direct,6.67,14.55,100,75,25,16,In Stock
PRD-1131,USB Cable,Electronics,Global Source Direct,36.25,70.98,116,94,22,14,In Stock
PRD-1132,Coffee Mug Set,Home & Kitchen,Metro Distributors,24.12,35.53,292,142,150,63,In Stock
PRD-1133,Trail Mix,Grocery,Premier Merchandise,3.65,7.04,411,370,41,76,Low Stock
PRD-1134,Card Deck,Toys & Games,Metro Distributors,17.36,36.92,178,88,90,20,In Stock
PRD-1135,Utensil Set,Home & Kitchen,Metro Distributors,13.11,23.98,397,96,301,81,In Stock
PRD-1136,Cutting Board,Home & Kitchen,Coastal Trading,9.62,17.21,353,56,297,67,In Stock
PRD-1137,USB Cable,Electronics,Coastal Trading,26.24,36.09,495,407,88,97,Low Stock
PRD-1138,Ballpoint Pens,Office Supplies,Summit Wholesale Inc,12.98,24.22,354,150,204,56,In Stock
PRD-1139,Body Mist,Beauty,Heritage Brands,9.75,18.84,326,62,264,36,In Stock
PRD-1140,Hiking Socks,Sports & Outdoors,Premier Merchandise,2.82,4.23,131,37,94,30,In Stock
PRD-1141,Hair Brush,Beauty,Summit Wholesale Inc,1.79,2.5,178,115,63,40,In Stock
PRD-1142,Phone Case,Electronics,United Imports,41.83,61.16,80,67,13,13,Low Stock
PRD-1143,Hoodie,Clothing,Pacific Wholesale,17.71,29.65,78,45,33,14,In Stock
PRD-1144,USB Cable,Electronics,Global Source Direct,21.73,37.36,104,97,7,12,Low Stock
PRD-1145,Body Mist,Beauty,United Imports,17.14,30.32,300,85,215,39,In Stock
PRD-1146,Honey Jar,Grocery,Global Source Direct,6.06,10.46,136,45,91,31,In Stock
PRD-1147,Board Game Classic,Toys & Games,United Imports,20.45,33.87,436,388,48,73,Low Stock
PRD-1148,Running Socks,Clothing,Summit Wholesale Inc,33.67,53.9,155,70,85,24,In Stock
PRD-1149,Storage Container,Home & Kitchen,Pacific Wholesale,23.16,38.65,385,334,51,70,Low Stock
PRD-1150,Hiking Socks,Sports & Outdoors,Coastal Trading,18.57,28.05,229,184,45,39,In Stock
PRD-1151,Lip Balm,Beauty,AllGoods Supply Co,13.19,24.74,388,366,22,80,Low Stock
PRD-1152,Water Bottle,Sports & Outdoors,Metro Distributors,13.99,27.26,56,29,27,13,In Stock
PRD-1153,Phone Case,Electronics,Pacific Wholesale,36.24,53.1,88,46,42,17,In Stock
PRD-1154,Running Socks,Clothing,Premier Merchandise,18.35,24.16,436,329,107,85,In Stock
PRD-1155,Water Bottle,Sports & Outdoors,Pacific Wholesale,17.82,30.74,491,62,429,73,In Stock
PRD-1156,Zip Jacket,Clothing,Coastal Trading,18.23,29.33,424,108,316,77,In Stock
PRD-1157,Camp Mug,Sports & Outdoors,National Supply Group,5.54,10.1,148,47,101,19,In Stock
PRD-1158,Yoga Block,Sports & Outdoors,Premier Merchandise,23.5,34.99,238,78,160,59,In Stock
PRD-1159,Phone Case,Electronics,Coastal Trading,30.94,55.44,470,357,113,59,In Stock
PRD-1160,Trail Mix,Grocery,Heritage Brands,4.47,8.83,327,135,192,51,In Stock
PRD-1161,Coloring Set,Toys & Games,National Supply Group,24.53,46.7,475,402,73,101,Low Stock
PRD-1162,Hoodie,Clothing,Global Source Direct,22.0,28.99,445,214,231,88,In Stock
PRD-1163,Basic T-Shirt,Clothing,Coastal Trading,24.14,49.7,177,77,100,43,In Stock
PRD-1164,Linen Shorts,Clothing,United Imports,30.52,48.37,158,137,21,38,Low Stock
PRD-1165,Hiking Socks,Sports & Outdoors,Coastal Trading,10.53,21.71,142,75,67,29,In Stock
PRD-1166,Body Mist,Beauty,Global Source Direct,19.2,33.39,315,137,178,35,In Stock
PRD-1167,Eye Mask,Beauty,Premier Merchandise,5.26,10.02,72,39,33,11,In Stock
PRD-1168,Binder Clips,Office Supplies,National Supply Group,14.49,22.05,198,122,76,25,In Stock
PRD-1169,Utensil Set,Home & Kitchen,Heritage Brands,20.87,42.75,275,205,70,43,In Stock
PRD-1170,Slime Kit,Toys & Games,National Supply Group,19.83,34.38,433,93,340,54,In Stock
PRD-1171,Wine Glasses,Home & Kitchen,AllGoods Supply Co,12.95,24.64,260,84,176,59,In Stock
PRD-1172,Camp Mug,Sports & Outdoors,Pacific Wholesale,17.1,31.04,137,40,97,21,In Stock
PRD-1173,Webcam Cover,Electronics,Global Source Direct,55.77,106.49,203,140,63,21,In Stock
PRD-1174,Phone Case,Electronics,AllGoods Supply Co,70.76,136.44,312,206,106,37,In Stock
PRD-1175,Polo Shirt,Clothing,Global Source Direct,6.92,13.99,497,101,396,117,In Stock
PRD-1176,Honey Jar,Grocery,AllGoods Supply Co,2.54,3.65,31,15,16,4,In Stock
PRD-1177,Eye Mask,Beauty,Pacific Wholesale,18.96,37.68,345,275,70,74,Low Stock
PRD-1178,Highlighters,Office Supplies,AllGoods Supply Co,4.26,8.07,311,270,41,60,Low Stock
PRD-1179,Golf Tees,Sports & Outdoors,Pacific Wholesale,23.05,37.49,185,34,151,40,In Stock
PRD-1180,Running Socks,Clothing,Premier Merchandise,25.08,47.91,303,40,263,69,In Stock
PRD-1181,Bike Light,Sports & Outdoors,Heritage Brands,15.63,31.54,286,55,231,53,In Stock
PRD-1182,Bubble Kit,Toys & Games,Metro Distributors,2.94,5.73,199,149,50,41,In Stock
PRD-1183,Polo Shirt,Clothing,AllGoods Supply Co,6.81,14.82,293,190,103,60,In Stock
PRD-1184,Dish Soap,Home & Kitchen,Heritage Brands,22.7,43.04,304,162,142,63,In Stock
PRD-1185,Ballpoint Pens,Office Supplies,Premier Merchandise,7.38,15.01,219,203,16,33,Low Stock
PRD-1186,Green Tea Bags,Grocery,National Supply Group,6.43,8.7,109,18,91,23,In Stock
PRD-1187,Building Blocks,Toys & Games,Heritage Brands,12.94,23.62,477,310,167,101,In Stock
PRD-1188,Denim Jeans,Clothing,National Supply Group,32.11,54.76,235,117,118,48,In Stock
PRD-1189,Desk Organizer,Office Supplies,Global Source Direct,14.65,21.44,466,164,302,107,In Stock
PRD-1190,Storage Container,Home & Kitchen,AllGoods Supply Co,2.76,5.29,66,43,23,13,In Stock
PRD-1191,Beanie Hat,Clothing,Metro Distributors,22.03,38.0,43,21,22,10,In Stock
PRD-1192,Webcam Cover,Electronics,Pacific Wholesale,73.26,109.44,180,85,95,19,In Stock
PRD-1193,Wine Glasses,Home & Kitchen,Metro Distributors,7.36,13.46,34,14,20,7,In Stock
PRD-1194,Baking Sheet,Home & Kitchen,Pacific Wholesale,7.36,12.43,458,140,318,88,In Stock
PRD-1195,Phone Case,Electronics,Pacific Wholesale,45.76,69.53,343,292,51,85,Low Stock
PRD-1196,Canvas Belt,Clothing,Global Source Direct,23.41,50.61,114,99,15,18,Low Stock
PRD-1197,Body Mist,Beauty,United Imports,16.94,22.83,460,67,393,97,In Stock
PRD-1198,USB Cable,Electronics,National Supply Group,55.07,119.6,124,69,55,15,In Stock
PRD-1199,Canned Soup,Grocery,Premier Merchandise,3.04,6.23,455,114,341,102,In Stock
PRD-1200,Binder Clips,Office Supplies,Summit Wholesale Inc,1.36,2.39,378,133,245,87,In Stock
PRD-1201,Canned Soup,Grocery,Heritage Brands,4.05,8.64,45,23,22,5,In Stock
PRD-1202,Polo Shirt,Clothing,National Supply Group,13.72,27.54,188,52,136,28,In Stock
PRD-1203,Zip Jacket,Clothing,Coastal Trading,31.92,55.96,66,9,57,7,In Stock
PRD-1204,Spice Rack,Home & Kitchen,Pacific Wholesale,12.14,21.42,241,227,14,53,Low Stock
PRD-1205,Plush Toy,Toys & Games,Metro Distributors,13.63,28.57,102,46,56,14,In Stock
PRD-1206,Dry Shampoo,Beauty,National Supply Group,2.42,3.59,224,186,38,39,Low Stock
PRD-1207,Dry Shampoo,Beauty,Heritage Brands,15.63,32.2,432,281,151,54,In Stock
PRD-1208,Dish Soap,Home & Kitchen,National Supply Group,25.19,43.52,299,115,184,34,In Stock
PRD-1209,Canvas Belt,Clothing,United Imports,9.05,19.35,147,134,13,24,Low Stock
PRD-1210,Running Socks,Clothing,Metro Distributors,6.24,10.22,170,25,145,28,In Stock
PRD-1211,Plush Toy,Toys & Games,Heritage Brands,13.6,27.16,54,33,21,10,In Stock
PRD-1212,Canned Soup,Grocery,Summit Wholesale Inc,10.79,20.77,76,47,29,18,In Stock
PRD-1213,HDMI Cable,Electronics,AllGoods Supply Co,43.85,72.8,308,212,96,66,In Stock
PRD-1214,Spice Rack,Home & Kitchen,Premier Merchandise,17.66,27.3,335,126,209,48,In Stock
PRD-1215,Tennis Grip Tape,Sports & Outdoors,National Supply Group,11.9,21.26,441,412,29,97,Low Stock
PRD-1216,Dish Soap,Home & Kitchen,Coastal Trading,5.35,8.48,423,69,354,101,In Stock
PRD-1217,Yo-Yo,Toys & Games,Coastal Trading,14.17,30.55,356,242,114,50,In Stock
PRD-1218,Paper Clips,Office Supplies,Premier Merchandise,13.98,27.04,434,88,346,84,In Stock
PRD-1219,Body Mist,Beauty,Summit Wholesale Inc,12.6,24.52,351,124,227,79,In Stock
PRD-1220,Tape Dispenser,Office Supplies,Premier Merchandise,3.87,6.11,159,138,21,17,In Stock
PRD-1221,Rice Crackers,Grocery,Premier Merchandise,8.92,16.2,193,88,105,43,In Stock
PRD-1222,Spice Rack,Home & Kitchen,Metro Distributors,22.08,34.72,69,58,11,10,In Stock
PRD-1223,Bluetooth Adapter,Electronics,Global Source Direct,49.63,73.86,107,59,48,24,In Stock
PRD-1224,Serving Tray,Home & Kitchen,Coastal Trading,4.31,7.43,390,129,261,83,In Stock
PRD-1225,Tennis Grip Tape,Sports & Outdoors,Metro Distributors,8.34,15.23,327,269,58,45,In Stock
PRD-1226,Plush Toy,Toys & Games,National Supply Group,15.74,27.96,171,157,14,40,Low Stock
PRD-1227,Smart Plug,Electronics,National Supply Group,57.8,87.89,163,31,132,36,In Stock
PRD-1228,Cotton Pads,Beauty,Coastal Trading,13.64,22.99,191,62,129,40,In Stock
PRD-1229,Dried Fruit,Grocery,Premier Merchandise,2.42,4.52,434,185,249,60,In Stock
PRD-1230,Slime Kit,Toys & Games,National Supply Group,10.87,20.72,116,82,34,27,In Stock
PRD-1231,Tennis Grip Tape,Sports & Outdoors,AllGoods Supply Co,21.22,34.94,136,118,18,27,Low Stock
PRD-1232,Board Game Classic,Toys & Games,Pacific Wholesale,4.68,8.75,442,398,44,60,Low Stock
PRD-1233,Wine Glasses,Home & Kitchen,Coastal Trading,20.88,39.93,316,267,49,49,Low Stock
PRD-1234,Bike Light,Sports & Outdoors,Premier Merchandise,1.9,3.93,130,59,71,22,In Stock
PRD-1235,Hair Brush,Beauty,National Supply Group,11.47,20.24,255,83,172,32,In Stock
PRD-1236,Golf Tees,Sports & Outdoors,Metro Distributors,18.1,29.53,473,174,299,102,In Stock
PRD-1237,Board Game Classic,Toys & Games,National Supply Group,3.48,4.65,384,247,137,45,In Stock
PRD-1238,Olive Oil,Grocery,United Imports,8.16,10.72,326,116,210,41,In Stock
PRD-1239,Eye Mask,Beauty,Summit Wholesale Inc,1.62,3.35,393,362,31,96,Low Stock
PRD-1240,Baseball Cap,Clothing,AllGoods Supply Co,30.99,61.02,459,182,277,66,In Stock
PRD-1241,Green Tea Bags,Grocery,Coastal Trading,1.71,2.74,217,101,116,48,In Stock
PRD-1242,Serving Tray,Home & Kitchen,Premier Merchandise,14.94,31.95,223,127,96,50,In Stock
PRD-1243,Slime Kit,Toys & Games,Metro Distributors,4.81,10.34,73,23,50,14,In Stock
PRD-1244,Notebook A5,Office Supplies,AllGoods Supply Co,2.65,5.11,464,423,41,58,Low Stock
PRD-1245,Spice Rack,Home & Kitchen,Coastal Trading,4.26,7.57,481,243,238,101,In Stock
PRD-1246,Yo-Yo,Toys & Games,Metro Distributors,21.55,32.03,189,71,118,41,In Stock
PRD-1247,Lip Balm,Beauty,United Imports,6.61,12.49,383,303,80,71,In Stock
PRD-1248,Sticky Notes,Office Supplies,Premier Merchandise,4.05,8.89,440,45,395,51,In Stock
PRD-1249,Olive Oil,Grocery,National Supply Group,2.74,5.79,48,22,26,5,In Stock
PRD-1250,Resistance Band,Sports & Outdoors,National Supply Group,8.99,13.87,480,334,146,100,In Stock
PRD-1251,Puzzle 500pc,Toys & Games,Summit Wholesale Inc,17.36,25.5,142,110,32,17,In Stock
PRD-1252,Utensil Set,Home & Kitchen,Summit Wholesale Inc,29.94,45.17,226,83,143,30,In Stock
PRD-1253,USB Cable,Electronics,Heritage Brands,78.79,107.46,319,150,169,65,In Stock
PRD-1254,Binder Clips,Office Supplies,Heritage Brands,8.76,14.39,277,201,76,55,In Stock
PRD-1255,Serving Tray,Home & Kitchen,National Supply Group,29.92,40.8,212,166,46,40,In Stock
PRD-1256,Ballpoint Pens,Office Supplies,Pacific Wholesale,6.12,12.53,27,18,9,2,In Stock
PRD-1257,Running Socks,Clothing,Metro Distributors,31.45,68.52,422,62,360,86,In Stock
PRD-1258,Whistle,Sports & Outdoors,Coastal Trading,9.68,18.01,91,42,49,10,In Stock
PRD-1259,Tennis Grip Tape,Sports & Outdoors,United Imports,17.35,25.05,147,125,22,16,In Stock
PRD-1260,Building Blocks,Toys & Games,United Imports,14.3,19.11,418,322,96,73,In Stock
PRD-1261,Hair Brush,Beauty,AllGoods Supply Co,16.78,35.24,94,34,60,20,In Stock
PRD-1262,Cotton Pads,Beauty,Global Source Direct,13.31,28.25,320,234,86,72,In Stock
PRD-1263,Eye Mask,Beauty,Summit Wholesale Inc,15.39,28.86,106,59,47,18,In Stock
PRD-1264,Yo-Yo,Toys & Games,Premier Merchandise,18.09,38.84,420,170,250,95,In Stock
PRD-1265,Ballpoint Pens,Office Supplies,Heritage Brands,6.69,11.15,156,109,47,33,In Stock
PRD-1266,USB Cable,Electronics,National Supply Group,42.3,92.89,288,169,119,35,In Stock
PRD-1267,Eye Mask,Beauty,Pacific Wholesale,18.2,24.0,375,274,101,84,In Stock
PRD-1268,Canvas Belt,Clothing,United Imports,12.8,21.71,382,42,340,83,In Stock
PRD-1269,Hiking Socks,Sports & Outdoors,National Supply Group,23.19,39.67,121,29,92,14,In Stock
PRD-1270,Resistance Band,Sports & Outdoors,Coastal Trading,5.09,8.63,168,129,39,34,In Stock
PRD-1271,Spice Rack,Home & Kitchen,Metro Distributors,14.44,20.67,409,351,58,93,Low Stock
PRD-1272,Polo Shirt,Clothing,Premier Merchandise,29.72,45.88,60,23,37,9,In Stock
PRD-1273,Wireless Earbuds,Electronics,Global Source Direct,19.43,30.37,105,16,89,17,In Stock
PRD-1274,Resistance Band,Sports & Outdoors,Coastal Trading,24.79,46.55,499,135,364,82,In Stock
PRD-1275,Notebook A5,Office Supplies,AllGoods Supply Co,5.34,7.82,271,224,47,36,In Stock
PRD-1276,Power Bank,Electronics,Metro Distributors,4.49,9.87,58,48,10,6,In Stock
PRD-1277,Coloring Set,Toys & Games,National Supply Group,20.93,36.58,356,116,240,37,In Stock
PRD-1278,Rice Crackers,Grocery,United Imports,6.22,12.75,271,159,112,60,In Stock
PRD-1279,LED Desk Lamp,Electronics,United Imports,16.51,30.78,148,135,13,27,Low Stock
PRD-1280,Denim Jeans,Clothing,United Imports,24.98,32.72,387,75,312,85,In Stock
PRD-1281,Instant Oatmeal,Grocery,Coastal Trading,11.18,24.42,285,40,245,35,In Stock
PRD-1282,Granola Bars,Grocery,Metro Distributors,3.92,5.34,277,177,100,53,In Stock
PRD-1283,HDMI Cable,Electronics,Summit Wholesale Inc,19.16,30.17,359,327,32,51,Low Stock
PRD-1284,LED Desk Lamp,Electronics,Summit Wholesale Inc,61.97,110.17,466,246,220,98,In Stock
PRD-1285,Building Blocks,Toys & Games,Global Source Direct,9.62,21.04,394,96,298,41,In Stock
PRD-1286,Power Bank,Electronics,Coastal Trading,14.38,21.65,240,35,205,26,In Stock
PRD-1287,Baseball Cap,Clothing,Premier Merchandise,13.89,22.67,388,67,321,82,In Stock
PRD-1288,Power Bank,Electronics,Premier Merchandise,33.11,61.05,81,38,43,14,In Stock
PRD-1289,Dried Fruit,Grocery,Metro Distributors,6.43,8.79,350,280,70,68,In Stock
PRD-1290,Highlighters,Office Supplies,Premier Merchandise,1.17,1.55,251,122,129,52,In Stock
PRD-1291,Cotton Pads,Beauty,Premier Merchandise,1.5,2.36,326,39,287,43,In Stock
PRD-1292,Honey Jar,Grocery,Global Source Direct,9.77,13.64,346,122,224,47,In Stock
PRD-1293,Trail Mix,Grocery,Coastal Trading,6.55,9.36,430,287,143,105,In Stock
PRD-1294,LED Desk Lamp,Electronics,National Supply Group,5.01,6.53,286,132,154,52,In Stock
PRD-1295,Dry Shampoo,Beauty,Premier Merchandise,10.38,21.98,394,339,55,88,Low Stock
PRD-1296,Polo Shirt,Clothing,Summit Wholesale Inc,15.51,30.54,343,139,204,48,In Stock
PRD-1297,Hand Cream,Beauty,National Supply Group,2.87,4.81,77,60,17,17,Low Stock
PRD-1298,Basic T-Shirt,Clothing,Global Source Direct,13.12,23.27,211,109,102,50,In Stock
PRD-1299,Slime Kit,Toys & Games,Summit Wholesale Inc,14.1,22.51,458,157,301,85,In Stock
PRD-1300,Stapler,Office Supplies,Metro Distributors,9.77,13.09,480,412,68,78,Low Stock
PRD-1301,Power Bank,Electronics,Global Source Direct,52.97,90.15,301,236,65,71,Low Stock
PRD-1302,Utensil Set,Home & Kitchen,Global Source Direct,7.51,15.1,259,56,203,50,In Stock
PRD-1303,Water Bottle,Sports & Outdoors,National Supply Group,14.61,19.39,32,9,23,5,In Stock
PRD-1304,Whistle,Sports & Outdoors,Summit Wholesale Inc,7.42,12.12,93,17,76,21,In Stock
PRD-1305,Rice Crackers,Grocery,Global Source Direct,2.88,4.03,321,215,106,74,In Stock
PRD-1306,USB Cable,Electronics,United Imports,20.08,40.9,69,54,15,14,In Stock
PRD-1307,Dish Soap,Home & Kitchen,AllGoods Supply Co,21.68,43.86,198,58,140,22,In Stock
PRD-1308,Bluetooth Adapter,Electronics,Pacific Wholesale,7.98,16.9,327,81,246,47,In Stock
PRD-1309,Cutting Board,Home & Kitchen,Metro Distributors,10.96,20.34,442,373,69,56,In Stock
PRD-1310,Camp Mug,Sports & Outdoors,National Supply Group,24.93,42.84,130,111,19,30,Low Stock
PRD-1311,Pasta Sauce,Grocery,National Supply Group,8.24,16.43,247,70,177,37,In Stock
PRD-1312,Nail File Set,Beauty,Global Source Direct,19.6,37.42,293,81,212,55,In Stock
PRD-1313,Desk Organizer,Office Supplies,AllGoods Supply Co,6.18,10.83,137,52,85,19,In Stock
PRD-1314,Cotton Pads,Beauty,Premier Merchandise,6.53,10.9,335,243,92,79,In Stock
PRD-1315,Polo Shirt,Clothing,United Imports,28.78,47.33,74,44,30,15,In Stock
PRD-1316,Spice Rack,Home & Kitchen,National Supply Group,4.77,8.43,429,145,284,53,In Stock
PRD-1317,Sticky Notes,Office Supplies,United Imports,5.19,9.69,447,205,242,69,In Stock
PRD-1318,Lip Balm,Beauty,Premier Merchandise,1.25,1.81,468,301,167,58,In Stock
PRD-1319,Binder Clips,Office Supplies,Pacific Wholesale,2.44,4.09,184,48,136,41,In Stock
PRD-1320,Denim Jeans,Clothing,Coastal Trading,24.29,33.9,101,46,55,21,In Stock
PRD-1321,Power Bank,Electronics,Heritage Brands,56.25,82.79,141,129,12,28,Low Stock
PRD-1322,Serving Tray,Home & Kitchen,Global Source Direct,7.98,10.76,199,164,35,30,In Stock
PRD-1323,Building Blocks,Toys & Games,Heritage Brands,9.11,19.87,250,96,154,58,In Stock
PRD-1324,Hiking Socks,Sports & Outdoors,Pacific Wholesale,1.38,2.96,485,296,189,88,In Stock
PRD-1325,Polo Shirt,Clothing,Pacific Wholesale,26.15,50.63,33,10,23,4,In Stock
PRD-1326,Dry Shampoo,Beauty,AllGoods Supply Co,2.57,3.93,45,26,19,8,In Stock
PRD-1327,Highlighters,Office Supplies,Metro Distributors,9.39,16.47,70,52,18,9,In Stock
PRD-1328,Hiking Socks,Sports & Outdoors,Premier Merchandise,17.66,28.54,240,178,62,26,In Stock
PRD-1329,Dried Fruit,Grocery,Pacific Wholesale,3.76,4.97,108,101,7,12,Low Stock
PRD-1330,Basic T-Shirt,Clothing,Global Source Direct,33.5,66.38,411,382,29,63,Low Stock
PRD-1331,Beanie Hat,Clothing,Global Source Direct,34.23,67.74,52,36,16,12,In Stock
PRD-1332,Hand Cream,Beauty,Summit Wholesale Inc,7.47,13.03,316,238,78,44,In Stock
PRD-1333,Running Socks,Clothing,Heritage Brands,28.78,45.78,476,199,277,117,In Stock
PRD-1334,Phone Case,Electronics,Metro Distributors,25.5,41.87,151,35,116,27,In Stock
PRD-1335,Power Bank,Electronics,Heritage Brands,77.25,157.4,250,197,53,30,In Stock
PRD-1336,Linen Shorts,Clothing,Premier Merchandise,27.16,43.94,108,55,53,17,In Stock
PRD-1337,Coloring Set,Toys & Games,Coastal Trading,13.51,18.83,414,61,353,83,In Stock
PRD-1338,Hoodie,Clothing,National Supply Group,26.22,52.34,403,105,298,62,In Stock
PRD-1339,Resistance Band,Sports & Outdoors,Pacific Wholesale,19.98,28.11,366,95,271,75,In Stock
PRD-1340,USB Cable,Electronics,Premier Merchandise,68.2,134.27,342,231,111,51,In Stock
PRD-1341,Board Game Classic,Toys & Games,Global Source Direct,5.07,7.51,289,57,232,63,In Stock
PRD-1342,Board Game Classic,Toys & Games,National Supply Group,24.51,41.0,276,47,229,50,In Stock
PRD-1343,Notebook A5,Office Supplies,Metro Distributors,4.92,8.16,229,103,126,39,In Stock
PRD-1344,Hiking Socks,Sports & Outdoors,Global Source Direct,18.11,28.51,188,36,152,19,In Stock
PRD-1345,Bluetooth Adapter,Electronics,National Supply Group,12.29,24.56,114,21,93,26,In Stock
PRD-1346,Yo-Yo,Toys & Games,Metro Distributors,24.34,44.96,204,161,43,24,In Stock
PRD-1347,Whistle,Sports & Outdoors,Premier Merchandise,24.97,48.94,276,145,131,34,In Stock
PRD-1348,Bike Light,Sports & Outdoors,Premier Merchandise,14.42,25.33,145,71,74,15,In Stock
PRD-1349,LED Desk Lamp,Electronics,Pacific Wholesale,43.26,68.53,30,3,27,4,In Stock
PRD-1350,Storage Container,Home & Kitchen,Metro Distributors,22.41,38.97,31,11,20,5,In Stock
PRD-1351,Action Figure,Toys & Games,Global Source Direct,2.09,3.71,112,100,12,17,Low Stock
PRD-1352,Face Wash,Beauty,Pacific Wholesale,15.07,28.39,118,51,67,16,In Stock
PRD-1353,Pasta Sauce,Grocery,Global Source Direct,1.47,2.76,304,106,198,48,In Stock
PRD-1354,Canvas Belt,Clothing,Coastal Trading,17.23,22.64,446,206,240,84,In Stock
PRD-1355,Zip Jacket,Clothing,Metro Distributors,6.87,12.08,428,275,153,82,In Stock
PRD-1356,Action Figure,Toys & Games,Heritage Brands,19.31,39.95,383,204,179,93,In Stock
PRD-1357,Notebook A5,Office Supplies,United Imports,0.83,1.74,373,308,65,55,In Stock
PRD-1358,Wine Glasses,Home & Kitchen,Premier Merchandise,12.64,27.59,106,11,95,19,In Stock
PRD-1359,Hand Cream,Beauty,Coastal Trading,13.89,27.32,125,117,8,16,Low Stock
PRD-1360,Stapler,Office Supplies,Summit Wholesale Inc,3.84,5.26,141,57,84,31,In Stock
PRD-1361,Kitchen Towels,Home & Kitchen,Summit Wholesale Inc,14.51,25.95,279,39,240,34,In Stock
PRD-1362,Yoga Block,Sports & Outdoors,Metro Distributors,2.08,2.71,437,359,78,44,In Stock
PRD-1363,Hiking Socks,Sports & Outdoors,Premier Merchandise,20.57,38.0,149,119,30,26,In Stock
PRD-1364,Instant Oatmeal,Grocery,Premier Merchandise,11.46,15.93,399,195,204,90,In Stock
PRD-1365,Highlighters,Office Supplies,Heritage Brands,14.11,23.39,194,132,62,45,In Stock
PRD-1366,Highlighters,Office Supplies,United Imports,0.77,1.36,352,235,117,86,In Stock
PRD-1367,Eye Mask,Beauty,National Supply Group,4.76,9.73,134,61,73,26,In Stock
PRD-1368,Green Tea Bags,Grocery,Summit Wholesale Inc,10.14,18.04,135,44,91,24,In Stock
PRD-1369,Binder Clips,Office Supplies,Coastal Trading,11.57,21.13,415,53,362,66,In Stock
PRD-1370,Yoga Block,Sports & Outdoors,Summit Wholesale Inc,1.92,3.91,90,21,69,20,In Stock
PRD-1371,Coloring Set,Toys & Games,Metro Distributors,5.69,9.66,322,179,143,64,In Stock
PRD-1372,Water Bottle,Sports & Outdoors,United Imports,23.28,47.3,132,35,97,28,In Stock
PRD-1373,Olive Oil,Grocery,Pacific Wholesale,10.1,18.24,408,320,88,65,In Stock
PRD-1374,File Folders,Office Supplies,Pacific Wholesale,14.74,32.35,259,238,21,41,Low Stock
PRD-1375,Tape Dispenser,Office Supplies,Coastal Trading,10.35,21.11,124,49,75,22,In Stock
PRD-1376,Power Bank,Electronics,United Imports,37.0,55.01,102,64,38,20,In Stock
PRD-1377,Rice Crackers,Grocery,Summit Wholesale Inc,8.42,11.82,247,60,187,45,In Stock
PRD-1378,Bubble Kit,Toys & Games,Pacific Wholesale,21.98,47.88,395,269,126,89,In Stock
PRD-1379,Olive Oil,Grocery,AllGoods Supply Co,5.08,9.66,35,18,17,3,In Stock
PRD-1380,Notebook A5,Office Supplies,AllGoods Supply Co,10.79,21.89,123,102,21,30,Low Stock
PRD-1381,Dry Shampoo,Beauty,Global Source Direct,10.36,16.8,131,96,35,20,In Stock
PRD-1382,Granola Bars,Grocery,Coastal Trading,10.43,18.48,398,330,68,81,Low Stock
PRD-1383,USB Cable,Electronics,Summit Wholesale Inc,40.84,53.48,200,41,159,20,In Stock
PRD-1384,Swim Cap,Sports & Outdoors,Global Source Direct,6.1,10.92,162,42,120,31,In Stock
PRD-1385,Slime Kit,Toys & Games,United Imports,4.51,8.83,390,246,144,56,In Stock
PRD-1386,Coloring Set,Toys & Games,Premier Merchandise,7.7,11.57,61,57,4,14,Low Stock
PRD-1387,Camp Mug,Sports & Outdoors,United Imports,23.54,34.9,411,299,112,100,In Stock
PRD-1388,Green Tea Bags,Grocery,Summit Wholesale Inc,7.26,10.48,73,59,14,7,In Stock
PRD-1389,Basic T-Shirt,Clothing,Pacific Wholesale,34.74,45.36,39,14,25,7,In Stock
PRD-1390,Hair Brush,Beauty,Premier Merchandise,10.13,17.66,20,11,9,4,In Stock
PRD-1391,Baseball Cap,Clothing,Premier Merchandise,11.82,25.26,108,43,65,18,In Stock
PRD-1392,Eye Mask,Beauty,Pacific Wholesale,11.3,17.07,76,71,5,7,Low Stock
PRD-1393,Wireless Earbuds,Electronics,Pacific Wholesale,22.14,34.39,141,112,29,26,In Stock
PRD-1394,Bluetooth Adapter,Electronics,Coastal Trading,13.57,24.61,320,282,38,52,Low Stock
PRD-1395,Face Wash,Beauty,National Supply Group,12.58,18.66,297,140,157,68,In Stock
PRD-1396,HDMI Cable,Electronics,Coastal Trading,5.47,7.98,281,212,69,59,In Stock
PRD-1397,Tennis Grip Tape,Sports & Outdoors,Global Source Direct,16.11,35.2,446,254,192,62,In Stock
PRD-1398,Smart Plug,Electronics,AllGoods Supply Co,75.33,133.86,413,208,205,73,In Stock
PRD-1399,Baseball Cap,Clothing,AllGoods Supply Co,29.74,48.44,194,167,27,34,Low Stock
PRD-1400,Dried Fruit,Grocery,AllGoods Supply Co,1.89,2.83,204,68,136,44,In Stock
PRD-1401,Eye Mask,Beauty,Global Source Direct,10.95,22.77,354,161,193,69,In Stock
PRD-1402,USB Cable,Electronics,Pacific Wholesale,60.71,93.64,121,66,55,25,In Stock
PRD-1403,Hoodie,Clothing,Global Source Direct,15.61,21.46,99,17,82,18,In Stock
PRD-1404,Cutting Board,Home & Kitchen,United Imports,26.41,44.58,208,116,92,25,In Stock
PRD-1405,Cotton Pads,Beauty,Heritage Brands,19.28,25.27,349,257,92,65,In Stock
PRD-1406,Bluetooth Adapter,Electronics,National Supply Group,46.92,82.79,110,43,67,11,In Stock
PRD-1407,Kitchen Towels,Home & Kitchen,Premier Merchandise,11.61,18.79,442,364,78,48,In Stock
PRD-1408,Desk Organizer,Office Supplies,Heritage Brands,11.05,21.3,66,38,28,7,In Stock
PRD-1409,Ballpoint Pens,Office Supplies,Summit Wholesale Inc,9.42,19.3,85,33,52,19,In Stock
PRD-1410,Tape Dispenser,Office Supplies,Global Source Direct,8.42,17.2,456,106,350,87,In Stock
PRD-1411,Smart Plug,Electronics,Summit Wholesale Inc,39.76,69.66,341,161,180,34,In Stock
PRD-1412,Hair Brush,Beauty,Coastal Trading,3.14,6.17,395,136,259,68,In Stock
PRD-1413,Board Game Classic,Toys & Games,Coastal Trading,20.28,27.56,302,145,157,37,In Stock
PRD-1414,Nail File Set,Beauty,Premier Merchandise,19.25,35.08,161,32,129,22,In Stock
PRD-1415,Utensil Set,Home & Kitchen,Premier Merchandise,6.46,9.45,479,285,194,65,In Stock
PRD-1416,Coffee Mug Set,Home & Kitchen,Summit Wholesale Inc,19.69,27.45,263,164,99,42,In Stock
PRD-1417,Slime Kit,Toys & Games,Global Source Direct,12.43,24.87,429,322,107,106,In Stock
PRD-1418,Screen Protector,Electronics,National Supply Group,21.41,46.97,35,14,21,3,In Stock
PRD-1419,Face Wash,Beauty,Pacific Wholesale,8.82,14.42,229,111,118,40,In Stock
PRD-1420,Bike Light,Sports & Outdoors,Summit Wholesale Inc,1.71,2.48,63,27,36,9,In Stock
PRD-1421,Coffee Mug Set,Home & Kitchen,Pacific Wholesale,7.14,11.65,21,10,11,4,In Stock
PRD-1422,Yo-Yo,Toys & Games,Global Source Direct,23.78,33.12,296,277,19,46,Low Stock
PRD-1423,Canned Soup,Grocery,Heritage Brands,10.87,17.88,49,33,16,8,In Stock
PRD-1424,Canned Soup,Grocery,Coastal Trading,3.12,4.44,76,36,40,11,In Stock
PRD-1425,Coffee Mug Set,Home & Kitchen,Pacific Wholesale,8.13,14.63,202,37,165,48,In Stock
PRD-1426,Nail File Set,Beauty,AllGoods Supply Co,16.02,32.05,88,83,5,11,Low Stock
PRD-1427,HDMI Cable,Electronics,United Imports,73.82,152.66,48,20,28,8,In Stock
PRD-1428,Cutting Board,Home & Kitchen,Summit Wholesale Inc,6.12,8.16,471,254,217,84,In Stock
PRD-1429,Baking Sheet,Home & Kitchen,Summit Wholesale Inc,14.15,23.4,302,232,70,58,In Stock
PRD-1430,Olive Oil,Grocery,AllGoods Supply Co,7.78,15.12,365,159,206,76,In Stock
PRD-1431,Beanie Hat,Clothing,National Supply Group,17.15,33.82,459,60,399,64,In Stock
PRD-1432,Swim Cap,Sports & Outdoors,National Supply Group,2.44,4.78,344,128,216,72,In Stock
PRD-1433,Running Socks,Clothing,Metro Distributors,14.63,22.44,260,30,230,62,In Stock
PRD-1434,Baseball Cap,Clothing,National Supply Group,16.77,28.37,46,9,37,8,In Stock
PRD-1435,Cutting Board,Home & Kitchen,Pacific Wholesale,29.87,48.45,205,137,68,48,In Stock
PRD-1436,Dish Soap,Home & Kitchen,Metro Distributors,8.7,18.44,120,65,55,12,In Stock
PRD-1437,Action Figure,Toys & Games,Heritage Brands,4.34,9.01,141,105,36,33,In Stock
PRD-1438,Granola Bars,Grocery,AllGoods Supply Co,4.36,6.82,339,48,291,80,In Stock
PRD-1439,Eye Mask,Beauty,Coastal Trading,17.32,27.31,254,181,73,49,In Stock
PRD-1440,Sticky Notes,Office Supplies,Metro Distributors,2.43,3.35,109,80,29,25,In Stock
PRD-1441,Stapler,Office Supplies,Pacific Wholesale,7.83,11.87,137,65,72,21,In Stock
PRD-1442,Resistance Band,Sports & Outdoors,Coastal Trading,14.58,25.11,419,58,361,42,In Stock
PRD-1443,Linen Shorts,Clothing,National Supply Group,31.33,56.12,264,45,219,48,In Stock
PRD-1444,Bluetooth Adapter,Electronics,Metro Distributors,28.47,52.56,30,17,13,3,In Stock
PRD-1445,Puzzle 500pc,Toys & Games,AllGoods Supply Co,24.82,49.11,91,80,11,12,Low Stock
PRD-1446,Eye Mask,Beauty,Coastal Trading,12.43,27.02,308,266,42,65,Low Stock
PRD-1447,Nail File Set,Beauty,AllGoods Supply Co,11.83,19.12,498,96,402,99,In Stock
PRD-1448,Wine Glasses,Home & Kitchen,Premier Merchandise,17.72,33.29,450,231,219,55,In Stock
PRD-1449,Wine Glasses,Home & Kitchen,National Supply Group,19.86,27.54,450,248,202,47,In Stock
PRD-1450,Stapler,Office Supplies,AllGoods Supply Co,14.47,27.07,397,162,235,60,In Stock
PRD-1451,LED Desk Lamp,Electronics,Metro Distributors,8.52,13.6,390,236,154,85,In Stock
PRD-1452,Eye Mask,Beauty,Premier Merchandise,14.22,20.98,383,41,342,66,In Stock
PRD-1453,Paper Clips,Office Supplies,National Supply Group,2.84,4.43,350,50,300,56,In Stock
PRD-1454,Bluetooth Adapter,Electronics,Summit Wholesale Inc,29.31,41.41,484,108,376,77,In Stock
PRD-1455,USB Cable,Electronics,Metro Distributors,16.47,27.56,459,358,101,96,In Stock
PRD-1456,Yoga Block,Sports & Outdoors,AllGoods Supply Co,18.86,26.08,169,96,73,22,In Stock
PRD-1457,Hair Brush,Beauty,Premier Merchandise,18.49,35.29,494,349,145,107,In Stock
PRD-1458,Bluetooth Adapter,Electronics,AllGoods Supply Co,46.68,100.02,252,217,35,58,Low Stock
PRD-1459,Running Socks,Clothing,Pacific Wholesale,13.57,28.26,391,183,208,46,In Stock
PRD-1460,Trail Mix,Grocery,Coastal Trading,10.44,22.88,38,20,18,8,In Stock
PRD-1461,Paper Clips,Office Supplies,Metro Distributors,13.76,29.51,273,74,199,48,In Stock
PRD-1462,Dried Fruit,Grocery,United Imports,7.73,12.75,236,71,165,29,In Stock
PRD-1463,Power Bank,Electronics,National Supply Group,44.74,69.59,480,315,165,83,In Stock
PRD-1464,Highlighters,Office Supplies,Coastal Trading,5.3,8.69,106,30,76,25,In Stock
PRD-1465,Phone Case,Electronics,United Imports,63.35,86.82,164,107,57,37,In Stock
PRD-1466,Utensil Set,Home & Kitchen,United Imports,18.49,34.52,374,267,107,40,In Stock
PRD-1467,Tennis Grip Tape,Sports & Outdoors,Summit Wholesale Inc,15.05,27.38,190,32,158,27,In Stock
PRD-1468,Swim Cap,Sports & Outdoors,AllGoods Supply Co,15.26,27.56,377,344,33,39,Low Stock
PRD-1469,Desk Organizer,Office Supplies,Heritage Brands,12.22,20.61,294,194,100,69,In Stock
PRD-1470,Building Blocks,Toys & Games,Heritage Brands,19.26,36.1,494,416,78,99,Low Stock
PRD-1471,Trail Mix,Grocery,Heritage Brands,9.69,21.27,69,52,17,15,In Stock
PRD-1472,Deodorant,Beauty,Premier Merchandise,5.2,9.98,261,243,18,48,Low Stock
PRD-1473,Nail File Set,Beauty,Global Source Direct,18.26,34.45,436,144,292,88,In Stock
PRD-1474,Stapler,Office Supplies,AllGoods Supply Co,7.61,11.4,312,74,238,59,In Stock
PRD-1475,Board Game Classic,Toys & Games,Heritage Brands,5.35,7.5,314,102,212,45,In Stock
PRD-1476,Puzzle 500pc,Toys & Games,National Supply Group,23.3,45.52,498,254,244,93,In Stock
PRD-1477,Canned Soup,Grocery,Global Source Direct,8.12,15.92,490,456,34,56,Low Stock
PRD-1478,Coffee Mug Set,Home & Kitchen,Global Source Direct,11.61,15.16,391,41,350,84,In Stock
PRD-1479,Storage Container,Home & Kitchen,Global Source Direct,10.0,20.5,289,157,132,64,In Stock
PRD-1480,Honey Jar,Grocery,Pacific Wholesale,7.2,12.42,275,170,105,46,In Stock
PRD-1481,Stapler,Office Supplies,Coastal Trading,3.77,8.28,484,351,133,118,In Stock
PRD-1482,LED Desk Lamp,Electronics,Metro Distributors,78.73,134.97,219,169,50,38,In Stock
PRD-1483,HDMI Cable,Electronics,Summit Wholesale Inc,40.15,66.22,447,415,32,72,Low Stock
PRD-1484,Puzzle 500pc,Toys & Games,Pacific Wholesale,4.98,8.94,104,52,52,25,In Stock
PRD-1485,Ballpoint Pens,Office Supplies,Coastal Trading,7.57,10.37,95,85,10,23,Low Stock
PRD-1486,Instant Oatmeal,Grocery,National Supply Group,3.5,7.3,134,108,26,24,In Stock
PRD-1487,Phone Case,Electronics,Coastal Trading,52.95,84.84,407,214,193,97,In Stock
PRD-1488,Wine Glasses,Home & Kitchen,Pacific Wholesale,23.25,38.95,387,79,308,55,In Stock
PRD-1489,Green Tea Bags,Grocery,AllGoods Supply Co,11.07,23.92,86,42,44,17,In Stock
PRD-1490,Screen Protector,Electronics,Coastal Trading,5.33,8.64,363,170,193,37,In Stock
PRD-1491,Storage Container,Home & Kitchen,Coastal Trading,11.48,20.76,396,186,210,48,In Stock
PRD-1492,Golf Tees,Sports & Outdoors,Metro Distributors,18.49,29.9,454,264,190,112,In Stock
PRD-1493,Beanie Hat,Clothing,AllGoods Supply Co,23.67,50.63,387,238,149,69,In Stock
PRD-1494,Running Socks,Clothing,Premier Merchandise,19.18,39.85,57,45,12,9,In Stock
PRD-1495,Screen Protector,Electronics,Heritage Brands,60.48,94.34,288,167,121,60,In Stock
PRD-1496,Whistle,Sports & Outdoors,National Supply Group,11.94,20.54,480,364,116,119,Low Stock
PRD-1497,Lip Balm,Beauty,AllGoods Supply Co,8.77,16.41,96,20,76,23,In Stock
PRD-1498,Board Game Classic,Toys & Games,Summit Wholesale Inc,21.38,30.98,176,42,134,32,In Stock
PRD-1499,Paper Clips,Office Supplies,National Supply Group,10.76,14.5,85,18,67,11,In Stock
PRD-1500,Baseball Cap,Clothing,United Imports,19.44,37.51,49,32,17,9,In Stock
PRD-1501,USB Cable,Electronics,Summit Wholesale Inc,52.59,69.39,359,113,246,44,In Stock
PRD-1502,Body Mist,Beauty,Premier Merchandise,9.88,20.52,128,82,46,29,In Stock
PRD-1503,Paper Clips,Office Supplies,Heritage Brands,10.61,20.74,397,318,79,48,In Stock
PRD-1504,Wine Glasses,Home & Kitchen,United Imports,17.5,35.59,72,12,60,14,In Stock
PRD-1505,HDMI Cable,Electronics,Summit Wholesale Inc,32.74,53.72,49,31,18,7,In Stock
PRD-1506,Hoodie,Clothing,Heritage Brands,31.35,51.74,167,62,105,40,In Stock
PRD-1507,Coloring Set,Toys & Games,Heritage Brands,21.14,37.26,41,31,10,8,In Stock
PRD-1508,Ballpoint Pens,Office Supplies,United Imports,7.19,11.99,389,327,62,54,In Stock
PRD-1509,Action Figure,Toys & Games,Metro Distributors,9.41,14.94,87,40,47,13,In Stock
PRD-1510,Dried Fruit,Grocery,Pacific Wholesale,9.22,11.99,438,140,298,99,In Stock
PRD-1511,Tape Dispenser,Office Supplies,Metro Distributors,13.11,28.13,360,231,129,51,In Stock
PRD-1512,Spice Rack,Home & Kitchen,Pacific Wholesale,7.65,16.16,246,193,53,56,Low Stock
PRD-1513,Camp Mug,Sports & Outdoors,National Supply Group,19.69,39.54,81,21,60,12,In Stock
PRD-1514,Baking Sheet,Home & Kitchen,Heritage Brands,26.12,52.38,488,239,249,53,In Stock
PRD-1515,Webcam Cover,Electronics,Pacific Wholesale,18.88,39.15,428,190,238,100,In Stock
PRD-1516,Dried Fruit,Grocery,Pacific Wholesale,10.84,19.44,215,132,83,33,In Stock
PRD-1517,Coloring Set,Toys & Games,Coastal Trading,18.65,25.09,247,222,25,26,Low Stock
PRD-1518,Building Blocks,Toys & Games,Pacific Wholesale,5.81,10.97,237,200,37,39,Low Stock
PRD-1519,Webcam Cover,Electronics,Summit Wholesale Inc,70.83,121.38,403,247,156,74,In Stock
PRD-1520,Card Deck,Toys & Games,Coastal Trading,20.4,34.29,280,256,24,33,Low Stock
PRD-1521,Pasta Sauce,Grocery,Coastal Trading,9.43,18.27,448,110,338,54,In Stock
PRD-1522,Tape Dispenser,Office Supplies,Premier Merchandise,11.25,18.21,450,204,246,57,In Stock
PRD-1523,Lip Balm,Beauty,Coastal Trading,11.87,18.11,92,24,68,11,In Stock
PRD-1524,Pasta Sauce,Grocery,Metro Distributors,4.52,7.64,308,160,148,66,In Stock
PRD-1525,Building Blocks,Toys & Games,Metro Distributors,5.57,10.69,195,154,41,26,In Stock
PRD-1526,Power Bank,Electronics,Coastal Trading,65.43,111.82,337,303,34,82,Low Stock
PRD-1527,Camp Mug,Sports & Outdoors,National Supply Group,15.4,21.05,391,233,158,72,In Stock
PRD-1528,Tennis Grip Tape,Sports & Outdoors,Coastal Trading,24.93,39.53,55,43,12,8,In Stock
PRD-1529,Sticky Notes,Office Supplies,United Imports,11.82,17.93,85,27,58,18,In Stock
PRD-1530,Eye Mask,Beauty,Premier Merchandise,14.97,24.24,441,143,298,96,In Stock
PRD-1531,Bubble Kit,Toys & Games,AllGoods Supply Co,23.25,32.29,400,258,142,63,In Stock
PRD-1532,Pasta Sauce,Grocery,Pacific Wholesale,6.65,12.45,127,59,68,21,In Stock
PRD-1533,Pasta Sauce,Grocery,Metro Distributors,2.89,6.24,365,146,219,49,In Stock
PRD-1534,Notebook A5,Office Supplies,AllGoods Supply Co,0.77,1.2,228,52,176,24,In Stock
PRD-1535,Cutting Board,Home & Kitchen,Premier Merchandise,6.05,12.33,309,210,99,40,In Stock
PRD-1536,Bike Light,Sports & Outdoors,Premier Merchandise,17.64,35.3,53,43,10,12,Low Stock
PRD-1537,Highlighters,Office Supplies,Premier Merchandise,7.77,15.23,447,191,256,97,In Stock
PRD-1538,Bluetooth Adapter,Electronics,Heritage Brands,26.41,41.24,493,187,306,92,In Stock
PRD-1539,Dry Shampoo,Beauty,United Imports,10.57,14.35,435,222,213,77,In Stock
PRD-1540,Hand Cream,Beauty,Premier Merchandise,10.49,22.78,213,119,94,47,In Stock
PRD-1541,Swim Cap,Sports & Outdoors,Coastal Trading,14.91,30.42,353,65,288,68,In Stock
PRD-1542,Honey Jar,Grocery,AllGoods Supply Co,5.14,7.91,480,237,243,88,In Stock
PRD-1543,Golf Tees,Sports & Outdoors,Coastal Trading,22.2,48.49,262,84,178,51,In Stock
PRD-1544,Sticky Notes,Office Supplies,Premier Merchandise,1.04,1.59,393,333,60,94,Low Stock
PRD-1545,Card Deck,Toys & Games,Premier Merchandise,21.77,43.7,231,161,70,51,In Stock
PRD-1546,Desk Organizer,Office Supplies,Coastal Trading,2.82,5.99,277,71,206,51,In Stock
PRD-1547,Serving Tray,Home & Kitchen,National Supply Group,24.56,33.2,364,252,112,80,In Stock
PRD-1548,Notebook A5,Office Supplies,Premier Merchandise,8.5,14.88,267,77,190,37,In Stock
PRD-1549,Stapler,Office Supplies,Metro Distributors,6.79,12.0,355,291,64,48,In Stock
PRD-1550,Hand Cream,Beauty,National Supply Group,14.69,29.48,343,55,288,64,In Stock
PRD-1551,Whistle,Sports & Outdoors,Premier Merchandise,11.41,15.84,478,422,56,62,Low Stock
PRD-1552,Baseball Cap,Clothing,National Supply Group,17.3,29.07,356,302,54,49,In Stock
PRD-1553,Yo-Yo,Toys & Games,AllGoods Supply Co,2.83,4.3,170,109,61,37,In Stock
PRD-1554,Face Wash,Beauty,Coastal Trading,6.02,9.12,62,40,22,15,In Stock
PRD-1555,Resistance Band,Sports & Outdoors,Global Source Direct,14.73,22.35,471,254,217,104,In Stock
PRD-1556,Ballpoint Pens,Office Supplies,Premier Merchandise,3.33,5.97,109,21,88,22,In Stock
PRD-1557,Stapler,Office Supplies,United Imports,1.08,1.91,207,133,74,25,In Stock
PRD-1558,Rice Crackers,Grocery,United Imports,2.52,4.35,148,68,80,24,In Stock
PRD-1559,Lip Balm,Beauty,Pacific Wholesale,13.63,29.41,339,183,156,62,In Stock
PRD-1560,Serving Tray,Home & Kitchen,Pacific Wholesale,16.5,25.0,303,62,241,65,In Stock
PRD-1561,Spice Rack,Home & Kitchen,Heritage Brands,14.91,22.2,162,135,27,39,Low Stock
PRD-1562,Whistle,Sports & Outdoors,United Imports,20.92,36.8,240,192,48,32,In Stock
PRD-1563,Hand Cream,Beauty,Premier Merchandise,16.14,21.37,204,93,111,27,In Stock
PRD-1564,Notebook A5,Office Supplies,AllGoods Supply Co,3.46,6.62,160,28,132,18,In Stock
PRD-1565,Hair Brush,Beauty,United Imports,19.13,34.11,342,259,83,69,In Stock
PRD-1566,Phone Case,Electronics,Pacific Wholesale,77.45,114.95,346,103,243,76,In Stock
PRD-1567,Green Tea Bags,Grocery,Heritage Brands,8.63,15.75,314,75,239,58,In Stock
PRD-1568,Smart Plug,Electronics,Global Source Direct,18.61,39.14,233,48,185,45,In Stock
PRD-1569,Wireless Earbuds,Electronics,AllGoods Supply Co,65.83,87.36,221,77,144,46,In Stock
PRD-1570,Hair Brush,Beauty,Global Source Direct,7.04,10.65,360,38,322,42,In Stock
PRD-1571,Board Game Classic,Toys & Games,Global Source Direct,18.62,25.44,86,19,67,10,In Stock
PRD-1572,Swim Cap,Sports & Outdoors,Global Source Direct,15.46,30.06,480,171,309,102,In Stock
PRD-1573,Denim Jeans,Clothing,AllGoods Supply Co,34.45,62.0,358,276,82,57,In Stock
PRD-1574,Nail File Set,Beauty,Premier Merchandise,16.06,22.52,66,31,35,11,In Stock
PRD-1575,Golf Tees,Sports & Outdoors,AllGoods Supply Co,22.36,34.6,25,6,19,4,In Stock
PRD-1576,Stapler,Office Supplies,AllGoods Supply Co,9.69,19.79,268,174,94,36,In Stock
PRD-1577,Tape Dispenser,Office Supplies,Global Source Direct,0.95,1.49,483,87,396,108,In Stock
PRD-1578,Notebook A5,Office Supplies,Premier Merchandise,6.89,10.03,94,71,23,17,In Stock
PRD-1579,Wireless Earbuds,Electronics,National Supply Group,67.91,106.24,284,189,95,59,In Stock
PRD-1580,Hand Cream,Beauty,Pacific Wholesale,13.64,26.56,289,61,228,38,In Stock
PRD-1581,Kitchen Towels,Home & Kitchen,Metro Distributors,7.02,14.15,450,230,220,52,In Stock
PRD-1582,Highlighters,Office Supplies,Metro Distributors,7.07,12.87,481,146,335,88,In Stock
PRD-1583,Lip Balm,Beauty,Coastal Trading,17.54,31.71,180,58,122,29,In Stock
PRD-1584,Granola Bars,Grocery,United Imports,3.3,6.45,167,115,52,23,In Stock
PRD-1585,Action Figure,Toys & Games,Pacific Wholesale,8.59,17.96,243,166,77,31,In Stock
PRD-1586,Coloring Set,Toys & Games,Coastal Trading,5.69,9.05,191,177,14,44,Low Stock
PRD-1587,Power Bank,Electronics,National Supply Group,72.36,149.33,122,34,88,22,In Stock
PRD-1588,Wine Glasses,Home & Kitchen,Global Source Direct,27.67,36.18,369,106,263,53,In Stock
PRD-1589,Plush Toy,Toys & Games,United Imports,21.58,42.24,452,390,62,106,Low Stock
PRD-1590,HDMI Cable,Electronics,Premier Merchandise,5.68,8.55,479,85,394,78,In Stock
PRD-1591,Slime Kit,Toys & Games,Coastal Trading,13.59,20.57,164,42,122,22,In Stock
PRD-1592,Basic T-Shirt,Clothing,Summit Wholesale Inc,21.98,39.36,292,164,128,57,In Stock
PRD-1593,Baking Sheet,Home & Kitchen,National Supply Group,2.38,4.92,357,262,95,88,In Stock
PRD-1594,Spice Rack,Home & Kitchen,Pacific Wholesale,21.28,45.74,83,54,29,14,In Stock
PRD-1595,Hand Cream,Beauty,Premier Merchandise,17.9,25.67,487,165,322,76,In Stock
PRD-1596,Beanie Hat,Clothing,Pacific Wholesale,8.07,11.59,179,86,93,18,In Stock
PRD-1597,Spice Rack,Home & Kitchen,Summit Wholesale Inc,17.51,24.08,321,121,200,36,In Stock
PRD-1598,Hoodie,Clothing,Coastal Trading,31.12,66.94,31,21,10,6,In Stock
PRD-1599,Olive Oil,Grocery,United Imports,10.99,17.55,442,73,369,96,In Stock
PRD-1600,Bubble Kit,Toys & Games,United Imports,16.82,28.96,162,112,50,29,In Stock
PRD-1601,Wireless Earbuds,Electronics,AllGoods Supply Co,71.75,130.69,360,92,268,73,In Stock
PRD-1602,Baseball Cap,Clothing,Heritage Brands,19.1,34.09,279,66,213,31,In Stock
PRD-1603,Serving Tray,Home & Kitchen,Coastal Trading,3.44,7.12,464,279,185,58,In Stock
PRD-1604,Eye Mask,Beauty,Metro Distributors,7.33,15.9,260,239,21,52,Low Stock
PRD-1605,Dry Shampoo,Beauty,Pacific Wholesale,2.76,5.65,132,48,84,18,In Stock
PRD-1606,Power Bank,Electronics,United Imports,46.1,95.51,188,177,11,22,Low Stock
PRD-1607,HDMI Cable,Electronics,Pacific Wholesale,37.78,53.51,159,55,104,19,In Stock
PRD-1608,Whistle,Sports & Outdoors,Coastal Trading,14.25,30.58,379,333,46,56,Low Stock
PRD-1609,Rice Crackers,Grocery,Metro Distributors,10.4,19.63,388,96,292,39,In Stock
PRD-1610,Body Mist,Beauty,Pacific Wholesale,6.09,12.65,450,67,383,91,In Stock
PRD-1611,Card Deck,Toys & Games,Global Source Direct,22.26,46.58,218,44,174,29,In Stock
PRD-1612,Yoga Block,Sports & Outdoors,Premier Merchandise,20.13,35.55,312,71,241,68,In Stock
PRD-1613,Slime Kit,Toys & Games,Premier Merchandise,14.03,20.66,81,53,28,10,In Stock
PRD-1614,Sticky Notes,Office Supplies,United Imports,13.94,22.45,201,52,149,48,In Stock
PRD-1615,Puzzle 500pc,Toys & Games,Global Source Direct,19.31,28.06,22,10,12,4,In Stock
PRD-1616,Running Socks,Clothing,Metro Distributors,25.79,48.66,222,64,158,46,In Stock
PRD-1617,Denim Jeans,Clothing,Premier Merchandise,6.5,13.84,215,45,170,49,In Stock
PRD-1618,Swim Cap,Sports & Outdoors,Premier Merchandise,24.83,52.87,386,95,291,68,In Stock
PRD-1619,Trail Mix,Grocery,Summit Wholesale Inc,2.33,3.84,35,6,29,3,In Stock
PRD-1620,Green Tea Bags,Grocery,Metro Distributors,1.52,2.15,157,101,56,19,In Stock
PRD-1621,Notebook A5,Office Supplies,AllGoods Supply Co,2.69,5.05,482,210,272,48,In Stock
PRD-1622,File Folders,Office Supplies,Global Source Direct,1.41,1.88,399,290,109,65,In Stock
PRD-1623,Baseball Cap,Clothing,Heritage Brands,25.05,37.97,374,162,212,49,In Stock
PRD-1624,Hair Brush,Beauty,Pacific Wholesale,15.17,27.2,52,43,9,9,Low Stock
PRD-1625,Power Bank,Electronics,Global Source Direct,3.01,5.23,219,156,63,36,In Stock
PRD-1626,Tape Dispenser,Office Supplies,Coastal Trading,13.17,28.61,479,284,195,52,In Stock
PRD-1627,LED Desk Lamp,Electronics,Heritage Brands,61.78,123.61,321,42,279,49,In Stock
PRD-1628,Yoga Block,Sports & Outdoors,Global Source Direct,21.59,35.0,213,81,132,48,In Stock
PRD-1629,Coloring Set,Toys & Games,Metro Distributors,14.25,30.17,332,266,66,82,Low Stock
PRD-1630,Dried Fruit,Grocery,United Imports,4.35,8.85,274,106,168,35,In Stock
PRD-1631,Eye Mask,Beauty,Global Source Direct,7.64,12.5,243,72,171,39,In Stock
PRD-1632,Resistance Band,Sports & Outdoors,Premier Merchandise,14.94,30.43,350,148,202,42,In Stock
PRD-1633,Polo Shirt,Clothing,National Supply Group,13.13,25.28,414,349,65,56,In Stock
PRD-1634,Power Bank,Electronics,Premier Merchandise,31.74,55.85,278,171,107,29,In Stock
PRD-1635,Stapler,Office Supplies,Pacific Wholesale,1.27,2.48,160,102,58,21,In Stock
PRD-1636,Camp Mug,Sports & Outdoors,National Supply Group,7.09,9.4,63,25,38,7,In Stock
PRD-1637,Dry Shampoo,Beauty,Heritage Brands,9.98,21.59,185,95,90,38,In Stock
PRD-1638,File Folders,Office Supplies,United Imports,3.97,8.05,395,354,41,46,Low Stock
PRD-1639,Yo-Yo,Toys & Games,Heritage Brands,5.02,10.4,214,81,133,36,In Stock
PRD-1640,Storage Container,Home & Kitchen,Heritage Brands,11.98,25.36,277,147,130,60,In Stock
PRD-1641,Card Deck,Toys & Games,United Imports,22.57,32.29,455,336,119,107,In Stock
PRD-1642,Hand Cream,Beauty,Premier Merchandise,4.85,7.62,414,332,82,67,In Stock
PRD-1643,Tennis Grip Tape,Sports & Outdoors,Coastal Trading,12.57,17.83,198,167,31,44,Low Stock
PRD-1644,Stapler,Office Supplies,Heritage Brands,7.88,11.72,366,64,302,65,In Stock
PRD-1645,Running Socks,Clothing,Heritage Brands,4.86,6.41,238,61,177,25,In Stock
PRD-1646,Pasta Sauce,Grocery,Coastal Trading,8.74,14.5,493,357,136,70,In Stock
PRD-1647,Beanie Hat,Clothing,United Imports,23.94,36.05,31,10,21,6,In Stock
PRD-1648,Hiking Socks,Sports & Outdoors,Heritage Brands,12.34,21.67,71,23,48,8,In Stock
PRD-1649,Water Bottle,Sports & Outdoors,United Imports,24.53,47.05,118,89,29,18,In Stock
PRD-1650,Utensil Set,Home & Kitchen,Global Source Direct,11.06,17.81,197,31,166,32,In Stock
PRD-1651,Cutting Board,Home & Kitchen,Heritage Brands,24.23,35.04,241,25,216,51,In Stock
PRD-1652,Tape Dispenser,Office Supplies,United Imports,2.65,3.95,462,120,342,105,In Stock
PRD-1653,Coffee Mug Set,Home & Kitchen,Metro Distributors,16.07,29.1,326,295,31,33,Low Stock
PRD-1654,Body Mist,Beauty,National Supply Group,15.91,23.72,419,108,311,44,In Stock
PRD-1655,Storage Container,Home & Kitchen,National Supply Group,23.1,35.7,41,37,4,4,Low Stock
PRD-1656,Building Blocks,Toys & Games,Metro Distributors,15.31,27.61,95,84,11,12,Low Stock
PRD-1657,Granola Bars,Grocery,Pacific Wholesale,11.82,19.81,259,159,100,61,In Stock
PRD-1658,Basic T-Shirt,Clothing,Summit Wholesale Inc,33.41,70.43,499,220,279,93,In Stock
PRD-1659,Golf Tees,Sports & Outdoors,National Supply Group,24.57,36.98,213,111,102,45,In Stock
PRD-1660,File Folders,Office Supplies,Premier Merchandise,14.22,26.29,293,161,132,35,In Stock
PRD-1661,Bubble Kit,Toys & Games,Summit Wholesale Inc,12.43,19.75,404,68,336,98,In Stock
PRD-1662,Utensil Set,Home & Kitchen,Pacific Wholesale,24.93,35.33,143,134,9,35,Low Stock
PRD-1663,Linen Shorts,Clothing,National Supply Group,21.98,29.07,228,110,118,23,In Stock
PRD-1664,Dried Fruit,Grocery,National Supply Group,7.32,11.21,348,328,20,37,Low Stock
PRD-1665,Sticky Notes,Office Supplies,Global Source Direct,8.96,17.19,413,102,311,98,In Stock
PRD-1666,Eye Mask,Beauty,Summit Wholesale Inc,11.25,19.32,388,90,298,71,In Stock
PRD-1667,Tennis Grip Tape,Sports & Outdoors,United Imports,7.94,17.39,162,28,134,35,In Stock
PRD-1668,Beanie Hat,Clothing,Metro Distributors,32.73,48.96,399,128,271,80,In Stock
PRD-1669,Binder Clips,Office Supplies,Global Source Direct,10.44,15.98,67,13,54,11,In Stock
PRD-1670,Zip Jacket,Clothing,Metro Distributors,16.21,25.2,236,41,195,58,In Stock
PRD-1671,Slime Kit,Toys & Games,Global Source Direct,13.29,26.52,219,45,174,52,In Stock
PRD-1672,Camp Mug,Sports & Outdoors,Summit Wholesale Inc,15.6,20.86,471,139,332,57,In Stock
PRD-1673,Screen Protector,Electronics,Pacific Wholesale,57.82,80.07,235,151,84,26,In Stock
PRD-1674,LED Desk Lamp,Electronics,Metro Distributors,65.2,131.63,497,432,65,76,Low Stock
PRD-1675,Bubble Kit,Toys & Games,Premier Merchandise,6.8,11.03,252,185,67,30,In Stock
PRD-1676,Power Bank,Electronics,Coastal Trading,31.05,43.23,480,357,123,119,In Stock
PRD-1677,Zip Jacket,Clothing,Global Source Direct,11.91,21.88,472,397,75,66,In Stock
PRD-1678,Hiking Socks,Sports & Outdoors,Heritage Brands,9.31,12.53,428,293,135,52,In Stock
PRD-1679,Dish Soap,Home & Kitchen,Premier Merchandise,4.93,6.64,239,143,96,27,In Stock
PRD-1680,File Folders,Office Supplies,Global Source Direct,1.67,3.08,225,147,78,27,In Stock
PRD-1681,Binder Clips,Office Supplies,Pacific Wholesale,8.46,14.7,461,214,247,70,In Stock
PRD-1682,Baking Sheet,Home & Kitchen,Heritage Brands,22.04,46.64,135,67,68,17,In Stock
PRD-1683,Body Mist,Beauty,Premier Merchandise,10.19,17.78,288,205,83,43,In Stock
PRD-1684,Yoga Block,Sports & Outdoors,Heritage Brands,19.81,36.13,356,237,119,84,In Stock
PRD-1685,Deodorant,Beauty,Summit Wholesale Inc,9.89,20.11,494,204,290,89,In Stock
PRD-1686,Utensil Set,Home & Kitchen,Heritage Brands,23.36,31.68,89,27,62,19,In Stock
PRD-1687,Swim Cap,Sports & Outdoors,National Supply Group,7.94,14.96,153,104,49,20,In Stock
PRD-1688,Highlighters,Office Supplies,Global Source Direct,9.79,20.59,449,243,206,110,In Stock
PRD-1689,Storage Container,Home & Kitchen,Global Source Direct,16.72,36.22,27,7,20,6,In Stock
PRD-1690,Face Wash,Beauty,Pacific Wholesale,10.03,13.42,172,154,18,32,Low Stock
PRD-1691,Highlighters,Office Supplies,AllGoods Supply Co,2.05,4.16,196,99,97,22,In Stock
PRD-1692,Nail File Set,Beauty,Premier Merchandise,19.22,28.86,449,378,71,74,Low Stock
PRD-1693,Sticky Notes,Office Supplies,Global Source Direct,13.24,24.79,87,75,12,16,Low Stock
PRD-1694,Slime Kit,Toys & Games,Summit Wholesale Inc,24.55,36.31,151,72,79,28,In Stock
PRD-1695,Beanie Hat,Clothing,Summit Wholesale Inc,9.05,16.64,426,238,188,53,In Stock
PRD-1696,Zip Jacket,Clothing,Heritage Brands,9.81,13.58,185,73,112,40,In Stock
PRD-1697,Baseball Cap,Clothing,Premier Merchandise,13.99,29.16,387,332,55,55,Low Stock
PRD-1698,LED Desk Lamp,Electronics,Metro Distributors,45.19,87.7,160,100,60,20,In Stock
PRD-1699,Whistle,Sports & Outdoors,Global Source Direct,8.74,18.95,21,15,6,3,In Stock
PRD-1700,Dish Soap,Home & Kitchen,National Supply Group,27.61,56.91,338,181,157,78,In Stock
PRD-1701,Resistance Band,Sports & Outdoors,United Imports,8.05,10.7,288,37,251,68,In Stock
PRD-1702,Resistance Band,Sports & Outdoors,AllGoods Supply Co,15.07,27.59,223,70,153,32,In Stock
PRD-1703,Denim Jeans,Clothing,Pacific Wholesale,6.9,10.14,205,107,98,21,In Stock
PRD-1704,Coffee Mug Set,Home & Kitchen,AllGoods Supply Co,26.38,49.78,33,28,5,8,Low Stock
PRD-1705,Body Mist,Beauty,United Imports,17.53,35.6,238,156,82,27,In Stock
PRD-1706,Hoodie,Clothing,United Imports,24.03,45.7,249,46,203,27,In Stock
PRD-1707,Action Figure,Toys & Games,United Imports,16.33,34.05,410,231,179,84,In Stock
PRD-1708,Utensil Set,Home & Kitchen,Summit Wholesale Inc,27.91,49.2,204,189,15,44,Low Stock
PRD-1709,File Folders,Office Supplies,Coastal Trading,11.65,17.55,332,185,147,53,In Stock
PRD-1710,Dry Shampoo,Beauty,Summit Wholesale Inc,8.93,16.55,35,29,6,3,In Stock
PRD-1711,Whistle,Sports & Outdoors,United Imports,17.79,38.39,195,46,149,26,In Stock
PRD-1712,Sticky Notes,Office Supplies,National Supply Group,1.8,2.76,233,58,175,32,In Stock
PRD-1713,Cotton Pads,Beauty,Heritage Brands,7.63,14.27,315,276,39,45,Low Stock
PRD-1714,Webcam Cover,Electronics,Global Source Direct,59.31,126.14,228,61,167,35,In Stock
PRD-1715,Dried Fruit,Grocery,Coastal Trading,9.27,17.82,207,31,176,29,In Stock
PRD-1716,Sticky Notes,Office Supplies,Summit Wholesale Inc,7.97,14.28,348,299,49,82,Low Stock
PRD-1717,Highlighters,Office Supplies,United Imports,9.33,18.0,55,27,28,6,In Stock
PRD-1718,Action Figure,Toys & Games,Global Source Direct,14.88,31.44,399,285,114,57,In Stock
PRD-1719,Paper Clips,Office Supplies,National Supply Group,12.81,24.49,261,114,147,41,In Stock
PRD-1720,Polo Shirt,Clothing,Heritage Brands,19.31,40.04,185,90,95,32,In Stock
PRD-1721,Serving Tray,Home & Kitchen,Global Source Direct,7.31,12.35,32,12,20,3,In Stock
PRD-1722,Water Bottle,Sports & Outdoors,Summit Wholesale Inc,1.38,2.68,489,463,26,95,Low Stock
PRD-1723,File Folders,Office Supplies,Premier Merchandise,10.67,21.89,298,231,67,29,In Stock
PRD-1724,Zip Jacket,Clothing,Heritage Brands,18.22,32.07,229,54,175,34,In Stock
PRD-1725,Swim Cap,Sports & Outdoors,Summit Wholesale Inc,9.9,14.34,372,74,298,57,In Stock
PRD-1726,Golf Tees,Sports & Outdoors,Global Source Direct,9.44,15.12,325,181,144,58,In Stock
PRD-1727,Bubble Kit,Toys & Games,Coastal Trading,17.19,28.61,388,141,247,62,In Stock
PRD-1728,Slime Kit,Toys & Games,National Supply Group,24.6,46.22,371,116,255,88,In Stock
PRD-1729,Action Figure,Toys & Games,Heritage Brands,3.69,6.65,367,300,67,88,Low Stock
PRD-1730,Highlighters,Office Supplies,Heritage Brands,14.44,26.13,103,81,22,18,In Stock
PRD-1731,Utensil Set,Home & Kitchen,Heritage Brands,22.05,47.79,248,124,124,56,In Stock
PRD-1732,Pasta Sauce,Grocery,Global Source Direct,9.58,14.39,390,343,47,57,Low Stock
PRD-1733,File Folders,Office Supplies,Coastal Trading,12.96,23.87,398,49,349,82,In Stock
PRD-1734,Desk Organizer,Office Supplies,National Supply Group,5.99,8.01,384,121,263,74,In Stock
PRD-1735,Plush Toy,Toys & Games,National Supply Group,13.53,22.63,202,63,139,32,In Stock
PRD-1736,Baking Sheet,Home & Kitchen,Coastal Trading,21.76,29.34,431,158,273,100,In Stock
PRD-1737,Hand Cream,Beauty,Summit Wholesale Inc,18.68,34.57,494,304,190,87,In Stock
PRD-1738,Dry Shampoo,Beauty,National Supply Group,6.31,9.47,179,52,127,20,In Stock
PRD-1739,File Folders,Office Supplies,Heritage Brands,4.68,10.25,223,37,186,24,In Stock
PRD-1740,Screen Protector,Electronics,Pacific Wholesale,61.08,120.91,49,27,22,7,In Stock
PRD-1741,Board Game Classic,Toys & Games,Global Source Direct,5.0,7.55,329,310,19,33,Low Stock
PRD-1742,Binder Clips,Office Supplies,Metro Distributors,7.44,12.36,305,48,257,62,In Stock
PRD-1743,Coloring Set,Toys & Games,Summit Wholesale Inc,24.78,37.65,409,330,79,86,Low Stock
PRD-1744,Body Mist,Beauty,Pacific Wholesale,2.18,4.37,125,83,42,13,In Stock
PRD-1745,Olive Oil,Grocery,Metro Distributors,11.36,19.26,188,25,163,40,In Stock
PRD-1746,Plush Toy,Toys & Games,AllGoods Supply Co,23.46,45.14,28,4,24,4,In Stock
PRD-1747,Deodorant,Beauty,Heritage Brands,4.06,5.53,28,22,6,3,In Stock
PRD-1748,Deodorant,Beauty,Summit Wholesale Inc,18.2,30.52,467,318,149,75,In Stock
PRD-1749,Hand Cream,Beauty,Heritage Brands,10.3,18.32,481,72,409,69,In Stock
PRD-1750,Green Tea Bags,Grocery,Premier Merchandise,9.12,12.23,419,199,220,47,In Stock
PRD-1751,Highlighters,Office Supplies,National Supply Group,14.93,28.54,394,342,52,45,In Stock
PRD-1752,Bike Light,Sports & Outdoors,Heritage Brands,17.83,35.59,293,169,124,46,In Stock
PRD-1753,Tennis Grip Tape,Sports & Outdoors,Metro Distributors,13.91,19.83,306,242,64,73,Low Stock
PRD-1754,Smart Plug,Electronics,United Imports,13.25,19.98,40,17,23,5,In Stock
PRD-1755,Water Bottle,Sports & Outdoors,Premier Merchandise,8.87,16.47,69,21,48,17,In Stock
PRD-1756,Dried Fruit,Grocery,Metro Distributors,1.08,2.17,146,41,105,22,In Stock
PRD-1757,Plush Toy,Toys & Games,Global Source Direct,13.33,19.98,328,177,151,77,In Stock
PRD-1758,Pasta Sauce,Grocery,Coastal Trading,6.44,13.31,218,34,184,35,In Stock
PRD-1759,Canvas Belt,Clothing,Heritage Brands,23.68,46.94,143,84,59,21,In Stock
PRD-1760,Cotton Pads,Beauty,AllGoods Supply Co,10.93,16.35,457,248,209,47,In Stock
PRD-1761,Deodorant,Beauty,Summit Wholesale Inc,8.59,11.65,382,313,69,61,In Stock
PRD-1762,Power Bank,Electronics,National Supply Group,29.32,47.09,247,139,108,29,In Stock
PRD-1763,Wine Glasses,Home & Kitchen,Heritage Brands,2.9,4.55,392,49,343,65,In Stock
PRD-1764,Dry Shampoo,Beauty,National Supply Group,2.63,5.0,104,36,68,18,In Stock
PRD-1765,Hoodie,Clothing,Heritage Brands,33.29,51.54,427,376,51,69,Low Stock
PRD-1766,Board Game Classic,Toys & Games,Metro Distributors,9.68,20.88,270,231,39,47,Low Stock
PRD-1767,Hand Cream,Beauty,Premier Merchandise,6.26,12.45,240,66,174,44,In Stock
PRD-1768,Whistle,Sports & Outdoors,Pacific Wholesale,17.22,31.03,256,91,165,40,In Stock
PRD-1769,Polo Shirt,Clothing,Metro Distributors,18.16,36.76,72,26,46,16,In Stock
PRD-1770,Kitchen Towels,Home & Kitchen,National Supply Group,9.6,19.19,318,58,260,32,In Stock
PRD-1771,Golf Tees,Sports & Outdoors,Global Source Direct,19.4,25.52,201,48,153,44,In Stock
PRD-1772,Cotton Pads,Beauty,Premier Merchandise,8.86,12.62,44,15,29,7,In Stock
PRD-1773,File Folders,Office Supplies,National Supply Group,13.59,28.91,492,69,423,97,In Stock
PRD-1774,Dish Soap,Home & Kitchen,Pacific Wholesale,4.63,9.04,307,63,244,53,In Stock
PRD-1775,Slime Kit,Toys & Games,Metro Distributors,14.41,21.81,432,190,242,56,In Stock
PRD-1776,Deodorant,Beauty,Summit Wholesale Inc,11.65,20.25,411,363,48,48,Low Stock
PRD-1777,Whistle,Sports & Outdoors,Pacific Wholesale,22.38,33.46,112,70,42,17,In Stock
PRD-1778,Water Bottle,Sports & Outdoors,Global Source Direct,22.2,39.73,43,36,7,5,In Stock
PRD-1779,LED Desk Lamp,Electronics,Pacific Wholesale,24.12,51.72,262,222,40,51,Low Stock
PRD-1780,Green Tea Bags,Grocery,Summit Wholesale Inc,6.68,11.76,265,216,49,65,Low Stock
PRD-1781,Dried Fruit,Grocery,Pacific Wholesale,8.38,15.61,360,328,32,71,Low Stock
PRD-1782,Wine Glasses,Home & Kitchen,National Supply Group,26.11,52.8,179,49,130,37,In Stock
PRD-1783,Action Figure,Toys & Games,AllGoods Supply Co,8.69,18.8,104,11,93,24,In Stock
PRD-1784,Eye Mask,Beauty,Heritage Brands,16.68,35.89,323,208,115,39,In Stock
PRD-1785,Pasta Sauce,Grocery,National Supply Group,2.46,4.08,396,189,207,40,In Stock
PRD-1786,Yo-Yo,Toys & Games,Summit Wholesale Inc,10.96,23.12,295,266,29,34,Low Stock
PRD-1787,Canvas Belt,Clothing,AllGoods Supply Co,21.01,36.23,20,13,7,3,In Stock
PRD-1788,Green Tea Bags,Grocery,Premier Merchandise,2.85,4.62,228,187,41,25,In Stock
PRD-1789,Rice Crackers,Grocery,Metro Distributors,9.87,13.86,466,415,51,101,Low Stock
PRD-1790,Spice Rack,Home & Kitchen,Coastal Trading,29.22,39.61,337,276,61,73,Low Stock
PRD-1791,File Folders,Office Supplies,Metro Distributors,9.91,21.53,201,46,155,34,In Stock
PRD-1792,Coffee Mug Set,Home & Kitchen,Coastal Trading,12.36,17.5,471,435,36,93,Low Stock
PRD-1793,Screen Protector,Electronics,Pacific Wholesale,69.4,133.51,462,324,138,64,In Stock
PRD-1794,Dish Soap,Home & Kitchen,Summit Wholesale Inc,9.07,14.61,142,91,51,25,In Stock
PRD-1795,Action Figure,Toys & Games,Summit Wholesale Inc,21.16,32.83,482,150,332,108,In Stock
PRD-1796,Yoga Block,Sports & Outdoors,Heritage Brands,10.45,18.17,472,225,247,53,In Stock
PRD-1797,Bluetooth Adapter,Electronics,Coastal Trading,11.71,19.09,405,220,185,76,In Stock
PRD-1798,Utensil Set,Home & Kitchen,Metro Distributors,2.41,4.51,391,367,24,70,Low Stock
PRD-1799,Sticky Notes,Office Supplies,Metro Distributors,14.75,26.51,349,86,263,40,In Stock
PRD-1800,Coffee Mug Set,Home & Kitchen,Premier Merchandise,11.64,20.14,497,334,163,52,In Stock
PRD-1801,Stapler,Office Supplies,Premier Merchandise,0.66,1.28,443,260,183,98,In Stock
PRD-1802,Building Blocks,Toys & Games,Pacific Wholesale,6.22,11.66,215,117,98,34,In Stock
PRD-1803,Bubble Kit,Toys & Games,United Imports,16.27,25.13,373,231,142,65,In Stock
PRD-1804,Smart Plug,Electronics,Summit Wholesale Inc,38.93,84.78,220,24,196,39,In Stock
PRD-1805,Body Mist,Beauty,AllGoods Supply Co,13.31,24.5,372,201,171,86,In Stock
PRD-1806,Tennis Grip Tape,Sports & Outdoors,Pacific Wholesale,20.79,43.84,71,57,14,7,In Stock
PRD-1807,Swim Cap,Sports & Outdoors,Global Source Direct,22.82,34.7,293,200,93,36,In Stock
PRD-1808,Green Tea Bags,Grocery,Metro Distributors,2.62,5.02,161,120,41,39,In Stock
PRD-1809,Dish Soap,Home & Kitchen,United Imports,23.24,36.06,115,56,59,22,In Stock
PRD-1810,Dried Fruit,Grocery,Premier Merchandise,2.59,5.19,305,145,160,74,In Stock
PRD-1811,Coloring Set,Toys & Games,Pacific Wholesale,17.03,31.5,457,428,29,55,Low Stock
PRD-1812,HDMI Cable,Electronics,National Supply Group,73.22,104.14,251,65,186,31,In Stock
PRD-1813,Bike Light,Sports & Outdoors,Global Source Direct,18.2,28.44,204,188,16,43,Low Stock
PRD-1814,Linen Shorts,Clothing,Premier Merchandise,19.19,33.35,189,153,36,40,Low Stock
PRD-1815,Paper Clips,Office Supplies,Metro Distributors,4.81,9.86,379,212,167,55,In Stock
PRD-1816,Granola Bars,Grocery,Coastal Trading,5.71,10.97,304,160,144,46,In Stock
PRD-1817,Power Bank,Electronics,National Supply Group,44.31,78.21,335,46,289,78,In Stock
PRD-1818,Desk Organizer,Office Supplies,Summit Wholesale Inc,5.55,7.38,323,156,167,65,In Stock
PRD-1819,Serving Tray,Home & Kitchen,Heritage Brands,27.93,54.07,181,148,33,31,In Stock
PRD-1820,Notebook A5,Office Supplies,Coastal Trading,7.8,13.91,25,21,4,2,In Stock
PRD-1821,Action Figure,Toys & Games,Coastal Trading,22.1,31.97,335,80,255,60,In Stock
PRD-1822,Smart Plug,Electronics,Summit Wholesale Inc,29.71,46.01,234,160,74,30,In Stock
PRD-1823,Power Bank,Electronics,Coastal Trading,23.43,37.9,112,92,20,17,In Stock
PRD-1824,Spice Rack,Home & Kitchen,Global Source Direct,4.43,8.51,445,198,247,69,In Stock
PRD-1825,Deodorant,Beauty,Coastal Trading,1.48,2.94,157,47,110,17,In Stock
PRD-1826,Plush Toy,Toys & Games,Premier Merchandise,7.87,16.57,298,255,43,42,In Stock
PRD-1827,Bubble Kit,Toys & Games,National Supply Group,17.67,26.49,70,62,8,13,Low Stock
PRD-1828,Tape Dispenser,Office Supplies,Global Source Direct,4.37,9.6,83,21,62,15,In Stock
PRD-1829,Whistle,Sports & Outdoors,Heritage Brands,23.24,34.14,361,234,127,77,In Stock
PRD-1830,Bluetooth Adapter,Electronics,United Imports,78.65,130.46,297,118,179,40,In Stock
PRD-1831,Power Bank,Electronics,National Supply Group,16.94,23.39,78,71,7,14,Low Stock
PRD-1832,Denim Jeans,Clothing,Coastal Trading,12.45,17.59,226,67,159,37,In Stock
PRD-1833,Paper Clips,Office Supplies,Coastal Trading,2.75,5.12,196,55,141,43,In Stock
PRD-1834,Basic T-Shirt,Clothing,National Supply Group,21.93,30.94,381,143,238,82,In Stock
PRD-1835,Granola Bars,Grocery,Global Source Direct,5.53,7.51,289,86,203,58,In Stock
PRD-1836,Instant Oatmeal,Grocery,Premier Merchandise,6.23,11.35,126,69,57,14,In Stock
PRD-1837,Kitchen Towels,Home & Kitchen,Coastal Trading,28.02,51.32,478,135,343,68,In Stock
PRD-1838,Deodorant,Beauty,Metro Distributors,5.44,8.21,108,12,96,26,In Stock
PRD-1839,Resistance Band,Sports & Outdoors,National Supply Group,16.9,30.81,22,11,11,2,In Stock
PRD-1840,Canvas Belt,Clothing,United Imports,15.93,30.56,366,37,329,47,In Stock
PRD-1841,Instant Oatmeal,Grocery,Summit Wholesale Inc,2.18,4.68,229,98,131,27,In Stock
PRD-1842,Canvas Belt,Clothing,Coastal Trading,12.67,24.7,363,216,147,56,In Stock
PRD-1843,Deodorant,Beauty,Heritage Brands,17.37,28.83,165,151,14,23,Low Stock
PRD-1844,Yoga Block,Sports & Outdoors,Heritage Brands,16.68,30.78,454,252,202,84,In Stock
PRD-1845,Baseball Cap,Clothing,Pacific Wholesale,9.84,20.27,41,35,6,5,In Stock
PRD-1846,Building Blocks,Toys & Games,Premier Merchandise,6.32,10.55,478,103,375,104,In Stock
PRD-1847,Yoga Block,Sports & Outdoors,Heritage Brands,14.88,27.54,290,102,188,70,In Stock
PRD-1848,Granola Bars,Grocery,Global Source Direct,1.8,2.86,267,246,21,49,Low Stock
PRD-1849,Denim Jeans,Clothing,Global Source Direct,13.68,27.78,151,69,82,18,In Stock
PRD-1850,Lip Balm,Beauty,Pacific Wholesale,11.84,25.48,154,112,42,27,In Stock
PRD-1851,Running Socks,Clothing,Summit Wholesale Inc,4.71,8.82,101,62,39,12,In Stock
PRD-1852,Lip Balm,Beauty,Pacific Wholesale,11.94,22.42,48,8,40,11,In Stock
PRD-1853,Olive Oil,Grocery,Heritage Brands,3.85,7.34,445,54,391,92,In Stock
PRD-1854,Storage Container,Home & Kitchen,Coastal Trading,7.07,14.34,418,188,230,57,In Stock
PRD-1855,Canvas Belt,Clothing,Heritage Brands,5.43,8.13,387,196,191,78,In Stock
PRD-1856,Eye Mask,Beauty,Summit Wholesale Inc,5.49,8.19,408,265,143,86,In Stock
PRD-1857,Camp Mug,Sports & Outdoors,United Imports,11.81,21.63,457,144,313,71,In Stock
PRD-1858,Board Game Classic,Toys & Games,Heritage Brands,23.0,36.14,265,53,212,26,In Stock
PRD-1859,Binder Clips,Office Supplies,Premier Merchandise,2.52,4.26,145,127,18,20,Low Stock
PRD-1860,Rice Crackers,Grocery,Premier Merchandise,3.94,6.91,407,156,251,71,In Stock
PRD-1861,Paper Clips,Office Supplies,National Supply Group,14.24,19.17,327,63,264,58,In Stock
PRD-1862,Baking Sheet,Home & Kitchen,Metro Distributors,24.42,44.04,497,384,113,66,In Stock
PRD-1863,Resistance Band,Sports & Outdoors,Heritage Brands,11.43,21.94,418,181,237,75,In Stock
PRD-1864,Zip Jacket,Clothing,Pacific Wholesale,4.74,9.63,431,337,94,50,In Stock
PRD-1865,Bike Light,Sports & Outdoors,Pacific Wholesale,11.86,24.73,323,43,280,55,In Stock
PRD-1866,USB Cable,Electronics,Global Source Direct,4.47,7.99,366,130,236,77,In Stock
PRD-1867,Slime Kit,Toys & Games,Premier Merchandise,18.2,35.28,460,376,84,111,Low Stock
PRD-1868,Cotton Pads,Beauty,Heritage Brands,1.03,1.58,273,179,94,61,In Stock
PRD-1869,Yoga Block,Sports & Outdoors,Heritage Brands,8.41,12.45,361,327,34,58,Low Stock
PRD-1870,Olive Oil,Grocery,AllGoods Supply Co,10.72,14.34,447,227,220,98,In Stock
PRD-1871,Screen Protector,Electronics,Summit Wholesale Inc,30.85,55.56,130,84,46,30,In Stock
PRD-1872,Tennis Grip Tape,Sports & Outdoors,Summit Wholesale Inc,21.06,42.71,95,45,50,14,In Stock
PRD-1873,Tennis Grip Tape,Sports & Outdoors,AllGoods Supply Co,12.99,22.83,484,130,354,78,In Stock
PRD-1874,Nail File Set,Beauty,AllGoods Supply Co,17.16,32.72,247,47,200,25,In Stock
PRD-1875,Linen Shorts,Clothing,Global Source Direct,18.28,33.93,374,240,134,73,In Stock
PRD-1876,Storage Container,Home & Kitchen,Premier Merchandise,10.5,15.85,426,292,134,88,In Stock
PRD-1877,Nail File Set,Beauty,National Supply Group,13.33,24.48,382,231,151,63,In Stock
PRD-1878,Whistle,Sports & Outdoors,United Imports,13.4,28.1,118,104,14,18,Low Stock
PRD-1879,Honey Jar,Grocery,Premier Merchandise,8.65,15.99,347,64,283,54,In Stock
PRD-1880,Green Tea Bags,Grocery,Coastal Trading,4.54,6.49,242,197,45,37,In Stock
PRD-1881,Yo-Yo,Toys & Games,Global Source Direct,2.5,4.59,355,156,199,54,In Stock
PRD-1882,Kitchen Towels,Home & Kitchen,Heritage Brands,19.35,41.71,299,185,114,41,In Stock
PRD-1883,Wireless Earbuds,Electronics,National Supply Group,33.92,61.59,291,220,71,35,In Stock
PRD-1884,Slime Kit,Toys & Games,Pacific Wholesale,23.79,51.96,326,122,204,40,In Stock
PRD-1885,Hoodie,Clothing,Premier Merchandise,20.23,43.8,347,134,213,82,In Stock
PRD-1886,Body Mist,Beauty,United Imports,1.71,3.72,440,351,89,75,In Stock
PRD-1887,Dry Shampoo,Beauty,Coastal Trading,11.53,24.14,95,78,17,22,Low Stock
PRD-1888,Yo-Yo,Toys & Games,Heritage Brands,10.74,14.08,391,206,185,58,In Stock
PRD-1889,Rice Crackers,Grocery,Summit Wholesale Inc,8.7,15.08,433,252,181,93,In Stock
PRD-1890,Tennis Grip Tape,Sports & Outdoors,United Imports,19.91,41.61,73,16,57,9,In Stock
PRD-1891,Cutting Board,Home & Kitchen,AllGoods Supply Co,23.57,35.64,256,240,16,42,Low Stock
PRD-1892,Storage Container,Home & Kitchen,National Supply Group,28.82,45.98,34,23,11,5,In Stock
PRD-1893,Nail File Set,Beauty,AllGoods Supply Co,15.03,23.18,331,235,96,55,In Stock
PRD-1894,Spice Rack,Home & Kitchen,Heritage Brands,2.88,4.85,63,13,50,6,In Stock
PRD-1895,Bike Light,Sports & Outdoors,United Imports,8.35,15.83,440,145,295,80,In Stock
PRD-1896,Dried Fruit,Grocery,Global Source Direct,2.77,5.73,183,47,136,36,In Stock
PRD-1897,Power Bank,Electronics,Global Source Direct,38.83,77.26,372,311,61,57,In Stock
PRD-1898,Dry Shampoo,Beauty,Summit Wholesale Inc,2.28,3.39,199,66,133,45,In Stock
PRD-1899,Power Bank,Electronics,Heritage Brands,7.6,13.42,436,138,298,97,In Stock
PRD-1900,HDMI Cable,Electronics,National Supply Group,49.88,80.04,210,57,153,28,In Stock
PRD-1901,Zip Jacket,Clothing,Coastal Trading,14.82,29.18,50,27,23,11,In Stock
PRD-1902,Binder Clips,Office Supplies,Premier Merchandise,5.38,10.07,159,21,138,17,In Stock
PRD-1903,Yoga Block,Sports & Outdoors,Premier Merchandise,14.66,25.45,166,150,16,35,Low Stock
PRD-1904,Screen Protector,Electronics,Premier Merchandise,7.86,12.78,338,296,42,34,In Stock
PRD-1905,Denim Jeans,Clothing,Pacific Wholesale,19.43,30.49,428,302,126,46,In Stock
PRD-1906,Golf Tees,Sports & Outdoors,Premier Merchandise,11.09,23.91,467,376,91,76,In Stock
PRD-1907,File Folders,Office Supplies,Metro Distributors,0.7,1.27,156,123,33,33,Low Stock
PRD-1908,Dried Fruit,Grocery,Premier Merchandise,5.68,9.07,196,97,99,24,In Stock
PRD-1909,Granola Bars,Grocery,Summit Wholesale Inc,8.27,17.14,298,241,57,35,In Stock
PRD-1910,Hiking Socks,Sports & Outdoors,Coastal Trading,1.96,2.95,97,10,87,10,In Stock
PRD-1911,Lip Balm,Beauty,Metro Distributors,5.02,7.14,100,74,26,12,In Stock
PRD-1912,HDMI Cable,Electronics,Premier Merchandise,59.73,103.4,258,232,26,37,Low Stock
PRD-1913,Action Figure,Toys & Games,Pacific Wholesale,7.25,10.58,497,380,117,53,In Stock
PRD-1914,Cutting Board,Home & Kitchen,Premier Merchandise,3.63,5.89,308,263,45,48,Low Stock
PRD-1915,Beanie Hat,Clothing,Global Source Direct,23.36,47.81,300,66,234,31,In Stock
PRD-1916,Resistance Band,Sports & Outdoors,Metro Distributors,5.34,11.13,410,175,235,62,In Stock
PRD-1917,Tape Dispenser,Office Supplies,Heritage Brands,3.83,6.14,71,61,10,14,Low Stock
PRD-1918,USB Cable,Electronics,Premier Merchandise,39.8,54.47,328,237,91,54,In Stock
PRD-1919,Utensil Set,Home & Kitchen,Heritage Brands,11.85,22.38,226,174,52,41,In Stock
PRD-1920,Stapler,Office Supplies,Pacific Wholesale,1.67,2.77,422,324,98,86,In Stock
PRD-1921,Baking Sheet,Home & Kitchen,Global Source Direct,11.45,22.62,113,106,7,25,Low Stock
PRD-1922,Baking Sheet,Home & Kitchen,Summit Wholesale Inc,14.4,30.84,233,175,58,40,In Stock
PRD-1923,Spice Rack,Home & Kitchen,Summit Wholesale Inc,5.8,12.41,435,402,33,86,Low Stock
PRD-1924,Zip Jacket,Clothing,United Imports,31.92,63.84,434,78,356,47,In Stock
PRD-1925,Trail Mix,Grocery,Premier Merchandise,10.48,15.08,405,140,265,44,In Stock
PRD-1926,Spice Rack,Home & Kitchen,Heritage Brands,8.65,13.72,463,112,351,59,In Stock
PRD-1927,USB Cable,Electronics,Summit Wholesale Inc,30.55,48.57,171,76,95,21,In Stock
PRD-1928,Yoga Block,Sports & Outdoors,Heritage Brands,6.88,12.41,471,130,341,90,In Stock
PRD-1929,Green Tea Bags,Grocery,Global Source Direct,9.31,17.27,373,197,176,38,In Stock
PRD-1930,Trail Mix,Grocery,United Imports,4.15,7.02,391,56,335,78,In Stock
PRD-1931,Dish Soap,Home & Kitchen,Heritage Brands,3.14,6.34,247,83,164,57,In Stock
PRD-1932,Rice Crackers,Grocery,AllGoods Supply Co,10.45,14.7,448,417,31,102,Low Stock
PRD-1933,Granola Bars,Grocery,Heritage Brands,7.73,13.75,55,42,13,6,In Stock
PRD-1934,Face Wash,Beauty,National Supply Group,3.96,6.32,233,123,110,36,In Stock
PRD-1935,Green Tea Bags,Grocery,Coastal Trading,10.32,19.71,160,45,115,25,In Stock
PRD-1936,Cotton Pads,Beauty,Metro Distributors,12.94,24.49,166,47,119,34,In Stock
PRD-1937,Cotton Pads,Beauty,Heritage Brands,13.62,25.36,92,67,25,17,In Stock
PRD-1938,Running Socks,Clothing,Global Source Direct,21.08,43.85,93,53,40,11,In Stock
PRD-1939,Slime Kit,Toys & Games,Summit Wholesale Inc,3.9,7.15,499,180,319,66,In Stock
PRD-1940,Paper Clips,Office Supplies,Premier Merchandise,8.91,13.27,273,185,88,48,In Stock
PRD-1941,Dry Shampoo,Beauty,Global Source Direct,15.95,34.3,297,140,157,66,In Stock
PRD-1942,Spice Rack,Home & Kitchen,National Supply Group,10.95,21.56,446,122,324,68,In Stock
PRD-1943,Plush Toy,Toys & Games,Summit Wholesale Inc,17.86,31.37,58,9,49,12,In Stock
PRD-1944,Highlighters,Office Supplies,United Imports,13.27,24.83,346,58,288,82,In Stock
PRD-1945,Card Deck,Toys & Games,United Imports,13.35,27.84,126,53,73,27,In Stock
PRD-1946,Canned Soup,Grocery,Pacific Wholesale,5.93,10.28,211,88,123,37,In Stock
PRD-1947,Bluetooth Adapter,Electronics,Global Source Direct,22.56,43.91,159,87,72,25,In Stock
PRD-1948,Beanie Hat,Clothing,United Imports,30.0,55.75,329,56,273,35,In Stock
PRD-1949,Pasta Sauce,Grocery,United Imports,11.35,15.94,126,70,56,23,In Stock
PRD-1950,Bluetooth Adapter,Electronics,Pacific Wholesale,8.05,13.63,115,105,10,23,Low Stock
PRD-1951,Highlighters,Office Supplies,United Imports,0.52,1.07,331,59,272,47,In Stock
PRD-1952,Cutting Board,Home & Kitchen,United Imports,27.24,52.15,53,19,34,8,In Stock
PRD-1953,Phone Case,Electronics,Premier Merchandise,74.17,143.83,489,187,302,51,In Stock
PRD-1954,Building Blocks,Toys & Games,AllGoods Supply Co,12.12,24.34,293,231,62,45,In Stock
PRD-1955,Tennis Grip Tape,Sports & Outdoors,United Imports,20.17,41.49,231,155,76,40,In Stock
PRD-1956,Binder Clips,Office Supplies,United Imports,10.05,14.57,197,74,123,43,In Stock
PRD-1957,Zip Jacket,Clothing,Summit Wholesale Inc,31.3,41.23,97,61,36,23,In Stock
PRD-1958,Puzzle 500pc,Toys & Games,Metro Distributors,24.57,43.9,289,206,83,42,In Stock
PRD-1959,Honey Jar,Grocery,Summit Wholesale Inc,2.67,5.83,124,77,47,12,In Stock
PRD-1960,Baseball Cap,Clothing,Coastal Trading,30.03,45.62,367,244,123,66,In Stock
PRD-1961,Kitchen Towels,Home & Kitchen,Heritage Brands,26.83,52.63,358,269,89,36,In Stock
PRD-1962,Board Game Classic,Toys & Games,Heritage Brands,7.49,13.35,491,237,254,103,In Stock
PRD-1963,Dried Fruit,Grocery,Metro Distributors,3.31,6.9,401,289,112,82,In Stock
PRD-1964,Serving Tray,Home & Kitchen,Premier Merchandise,10.82,22.98,57,44,13,8,In Stock
PRD-1965,Highlighters,Office Supplies,Pacific Wholesale,10.09,21.09,407,218,189,87,In Stock
PRD-1966,Eye Mask,Beauty,Coastal Trading,18.16,30.72,219,151,68,30,In Stock
PRD-1967,Tape Dispenser,Office Supplies,Global Source Direct,11.51,19.61,143,46,97,21,In Stock
PRD-1968,Trail Mix,Grocery,Global Source Direct,2.05,2.68,88,21,67,9,In Stock
PRD-1969,Ballpoint Pens,Office Supplies,Heritage Brands,8.65,17.45,467,88,379,92,In Stock
PRD-1970,Power Bank,Electronics,AllGoods Supply Co,65.02,127.42,116,23,93,26,In Stock
PRD-1971,Baseball Cap,Clothing,AllGoods Supply Co,11.13,24.2,475,422,53,87,Low Stock
PRD-1972,Bluetooth Adapter,Electronics,United Imports,28.54,41.86,209,45,164,29,In Stock
PRD-1973,Notebook A5,Office Supplies,Coastal Trading,9.04,13.11,410,119,291,44,In Stock
PRD-1974,HDMI Cable,Electronics,United Imports,73.68,145.51,235,88,147,55,In Stock
PRD-1975,Hand Cream,Beauty,Heritage Brands,14.13,18.79,253,215,38,59,Low Stock
PRD-1976,Golf Tees,Sports & Outdoors,AllGoods Supply Co,8.6,18.34,56,8,48,12,In Stock
PRD-1977,Rice Crackers,Grocery,United Imports,5.19,11.39,233,25,208,29,In Stock
PRD-1978,Cotton Pads,Beauty,National Supply Group,7.7,14.41,37,31,6,4,In Stock
PRD-1979,Ballpoint Pens,Office Supplies,Metro Distributors,12.87,23.12,377,276,101,84,In Stock
PRD-1980,Basic T-Shirt,Clothing,Pacific Wholesale,18.98,33.95,114,34,80,25,In Stock
PRD-1981,Trail Mix,Grocery,Heritage Brands,3.41,6.3,62,9,53,7,In Stock
PRD-1982,Binder Clips,Office Supplies,Heritage Brands,5.76,9.38,308,112,196,70,In Stock
PRD-1983,Hand Cream,Beauty,Heritage Brands,2.26,4.51,439,261,178,84,In Stock
PRD-1984,Camp Mug,Sports & Outdoors,United Imports,10.71,15.66,273,232,41,27,In Stock
PRD-1985,Baking Sheet,Home & Kitchen,National Supply Group,2.66,5.07,150,67,83,15,In Stock
PRD-1986,Sticky Notes,Office Supplies,Global Source Direct,5.46,10.76,285,48,237,47,In Stock
PRD-1987,Bubble Kit,Toys & Games,Summit Wholesale Inc,9.4,14.52,154,135,19,26,Low Stock
PRD-1988,Resistance Band,Sports & Outdoors,Global Source Direct,20.06,40.63,313,89,224,43,In Stock
PRD-1989,Hand Cream,Beauty,National Supply Group,7.78,11.35,398,230,168,80,In Stock
PRD-1990,Highlighters,Office Supplies,Summit Wholesale Inc,12.46,20.79,49,30,19,11,In Stock
PRD-1991,Dish Soap,Home & Kitchen,United Imports,9.05,19.52,328,233,95,60,In Stock
PRD-1992,Water Bottle,Sports & Outdoors,Pacific Wholesale,13.18,19.72,379,161,218,39,In Stock
PRD-1993,Bubble Kit,Toys & Games,National Supply Group,11.68,19.76,355,176,179,83,In Stock
PRD-1994,LED Desk Lamp,Electronics,Heritage Brands,40.42,82.35,51,17,34,10,In Stock
PRD-1995,Canvas Belt,Clothing,Global Source Direct,8.01,10.74,451,206,245,101,In Stock
PRD-1996,Slime Kit,Toys & Games,Summit Wholesale Inc,14.4,19.26,25,12,13,2,In Stock
PRD-1997,Utensil Set,Home & Kitchen,United Imports,3.64,5.04,175,96,79,28,In Stock
PRD-1998,Wireless Earbuds,Electronics,Heritage Brands,13.85,21.3,147,66,81,21,In Stock
PRD-1999,Hand Cream,Beauty,Pacific Wholesale,17.47,24.42,144,124,20,18,In Stock
PRD-2000,Card Deck,Toys & Games,Metro Distributors,2.58,5.05,134,78,56,24,In Stock
